-- begin GCSPLATFORM_COUNTERPARTY
INSERT INTO `GCSPLATFORM_COUNTERPARTY` VALUES ('01b158ace961d94c787b2e0edae1a90a',1,'2021-07-29 09:27:30.678','admin','2021-07-29 09:27:30.678',NULL,NULL,NULL,'UBS','Fi Brokerage','UBS AG','100 Liverpool street, 3rd floor','London','Navya Adusimilli','UBS','UK','UBS','UBS','LON','Navya Adusimilli','','sh-fi-uk-brokerage-wipro@ubs.com','','',NULL),
('1169999cbaf8348f64ca1686d80a6d6f',1,'2021-07-29 09:27:30.681','admin','2021-07-29 09:27:30.681',NULL,NULL,NULL,'CLEARSTREAM BANK',NULL,NULL,NULL,NULL,NULL,NULL,'UK','CLST','CLST','LON',NULL,'',NULL,'','',NULL),
('1dc8c0174ca776d9470c1943d80164ee',1,'2021-07-29 09:27:30.669','admin','2021-07-29 09:27:30.669',NULL,NULL,NULL,'BNP LON','Torre Ocidente','Rua Galileu Galilei, 2, 13 Piso','1500-392 LISBOA','Portugal','CIB BNPP BONDS BROKERAGE','BNP PARIBAS FORTIS LONDON','UK','BNPL','BNPL','0.01','','','cib.bnpp.bondsbrokerage@bnpparibas.com','','',NULL),
('227357c4b782206ca228328caead425b',1,'2021-07-29 09:27:30.678','admin','2021-07-29 09:27:30.678',NULL,NULL,NULL,'TOR-DOM-NY','','','','','STEPHEN GONZALEZ','TOR DOM NEW YORK','UK','TORN','TORN','LON','STEPHEN GONZALEZ','','STEPHEN.GONZALEZ@TDSECURITIES.COM','','',NULL),
('232c128b684b32e096b1bae13e20904c',1,'2021-07-29 09:27:30.680','admin','2021-07-29 09:27:30.680',NULL,NULL,NULL,'MORGAN STANLEY','','','','','PIROSKA SZABO','MORGAN STANLEY','UK','MORG','MORG','0.01','PIROSKA SZABO','','CASHANDREPOSPAYABLES@MORGANSTANLEY.COM','','',NULL),
('26f591e192f4368340953efc58cad1c5',1,'2021-07-29 09:27:30.675','admin','2021-07-29 09:27:30.675',NULL,NULL,NULL,'MERRILLS','Merrill Lynch Financial Centre','2 King Edward Street','London','EC1A 1HQ','PUNEET MONGA','MERRILL LYNCH','UK','MLIL','MLIL','LON','PUNEET MONGA','','DUBBROKER@ML.COM','','',NULL),
('29db1ef3659eb96ccdf6bf1e76ccef66',1,'2021-07-29 09:27:30.672','admin','2021-07-29 09:27:30.672',NULL,NULL,NULL,'CS NY','CREDIT SUISSE | BC&E Processing','Pune, TKCS 21 S2','Rajiv Gandhi Infotech Park (Cs Sez)','411 057 Pune','','CREDIT SUISSE NEW YORK','UK','CSNY','CSNY','LON','','','otc.brokerage@credit-suisse.com','','',NULL),
('2a3bb5563ce8d0f46a241ba4529f94a8',1,'2021-07-29 09:27:30.676','admin','2021-07-29 09:27:30.676',NULL,NULL,NULL,'NEWEDGE','','','','','NEWEDGE','NEWEDGE','UK','NEWG','NEWG','0.01','NEWEDGE','','GLB-BROKERAGE-PAYABLE@NEWEDGE.COM','','',NULL),
('2c4dd9fe30d2665c3f3a922c88024c3e',1,'2021-07-29 09:27:30.679','admin','2021-07-29 09:27:30.679',NULL,NULL,NULL,'UFJI','25 Ropemaker Street','Ropemaker Place','London Ec2','United Kingdom','John Scotchmer','MITSUBISHI UFJI','UK','MUFJ','MUFJ','HK','David Held','','brokerage@int.sc.mufg.jp','','',NULL),
('3171231018238781ad10b9bcef871d7c',1,'2021-07-29 09:27:30.673','admin','2021-07-29 09:27:30.673',NULL,NULL,NULL,'DEUTSCHE LON','A-1 & A-2 Evolve','Mohindra Technology Park','Inside Mohindra World City - SEZ','Jaipur','','DEUTSCHE LONDON','UK','DBLN','DBLN','LON','','','FEE-BRK.DSOBLR@DB.COM','','',NULL),
('3334045c127ad7d0e19b2ee004ab5a73',1,'2021-07-29 09:27:30.678','admin','2021-07-29 09:27:30.678',NULL,NULL,NULL,'STANDARD BANK','','','','','NATALIE BONE','STANDARD BANK','UK','STDB','STDB','0.01','NATALIE BONE','','LONDON.BROKERAGE@STANDARDBANK.COM','','',NULL),
('34ce3e64408033d925bf7966c5902627',1,'2021-07-29 09:27:30.677','admin','2021-07-29 09:27:30.677',NULL,NULL,NULL,'RBS','14, 3rd Main Road,','OIBP, Chennai, 600058','India','','NWMBrokerage','NatWest Markets Plc','UK','NWM','NWM','LON','NatWest Markets Plc','','','NWMbrokerage@natwestmarkets.com','',NULL),
('37eb641e268867862a5fd047eaf44e9e',1,'2021-07-29 09:27:30.674','admin','2021-07-29 09:27:30.674',NULL,NULL,NULL,'MF GLOBAL',NULL,NULL,NULL,NULL,NULL,NULL,'UK','MFGL','MFGL','0.00','',NULL,NULL,'','',NULL),
('3f5dac6754c4c7f9d215775c090a8a6c',1,'2021-07-29 09:27:30.681','admin','2021-07-29 09:27:30.681',NULL,NULL,NULL,'ANZ_SING','ANZ Banking Group ANZ MELBORUNE','100 Queen Street Level 14','Melbourne','Victoria 3000 AUSTRALIA','MS SHEILA G MIRANDA','ANZ BANK','UK','ANZA','ANZ_SING','HK','MS SHEILA G MIRANDA','','ANZIB.brokers@anz.com','','',NULL),
('416faa810d11af0c912804502c20bdd6',1,'2021-07-29 09:27:30.668','admin','2021-07-29 09:27:30.668',NULL,NULL,NULL,'BARCLAYS','1 Churchill Place','SGOP 1015','London','E14 5HP','Sarang Bhat','Barclays Bank PLC','UK','BARL','BARL','LON','','Barclays x','xraglobalbrokerage@barclays.com','danish.x.kayyumshaikh@barclays.com','xraglobalbrokerage@barclays.com',NULL),
('43f33e47b8a5458959eb9fb515701e92',1,'2021-07-29 09:27:30.676','admin','2021-07-29 09:27:30.676',NULL,NULL,NULL,'MPS','','','','','VINCENZA CANNAVACCIUOLO','BANCA MONTE DEI PASCHI','UK','MPS','MPS','0.01','VINCENZA CANNAVACCIUOLO','','Fatture.Broker@copergmps.it','','',NULL),
('487b3661eb8bd8ae6905d37f9884dcb2',1,'2021-07-29 09:27:30.670','admin','2021-07-29 09:27:30.670',NULL,NULL,NULL,'CA-CIB','83 Boulevard des Chenes','78280 Guyancourt','France','','Maxime Lam','CREDIT AGRICOLE','UK','CACI','CACI','LON','CREDIT AGRICOLE','','CAPITALMARKET-BROKERAGES@CA-CIB.COM','','',NULL),
('4d76d4ff6fd63a4fc735c40af5eac77d',1,'2021-07-29 09:27:30.676','admin','2021-07-29 09:27:30.676',NULL,NULL,NULL,'MIZUHO','Bracken House','1 Friday Street','London','EC4M 9JA','','MIZUHO','UK','MIZ','MIZ','LON','','','fees.brokerage@uk.mizuho-sc.com','','',NULL),
('518b65c6bef595249634fc4ed4263133',1,'2021-07-29 09:27:30.680','admin','2021-07-29 09:27:30.680',NULL,NULL,NULL,'ABBEY NAT','','','','','','ABBEY NATIONAL','UK','SANT','SANT','0.005','','','SantanderUKBrokerage@gruposantander.com','','',NULL),
('5247896d22ff87120c997c7639909bd9',1,'2021-07-29 09:27:30.670','admin','2021-07-29 09:27:30.670',NULL,NULL,NULL,'CITI GROUP NY','33 CANADA SQUARE,','CANARY WHARF,','LONDON E14 5LB','UNITED KINGDOM.','','CITIGROUP GLOBAL MARKETS Ltd','UK','CITN','CITN','LON','','CITI GROUP NEW YORK','emeabrokeragefees@citi.com','emea.brokeragefees@citi.com','',NULL),
('536aee73f635f790b11ed3a2634bdba1',1,'2021-07-29 09:27:30.677','admin','2021-07-29 09:27:30.677',NULL,NULL,NULL,'RBC','Riverbank House','2 Swan Lane','London','EC4R 3BF','Ms. Anne Marie O\'Sullivan','ROYAL BANK OF CANADA','UK','RBC','RBC','LON','ANNE MARIE','','LONDONTECBAC@RBCCM.COM','Anne-Marie.O\'Sullivan@rbccm.com','',NULL),
('5d93cef50e4c96045f1b42ed7d81433e',1,'2021-07-29 09:27:30.680','admin','2021-07-29 09:27:30.680',NULL,NULL,NULL,'NORDLUX',NULL,NULL,NULL,NULL,NULL,NULL,'UK','NRDL','NRDL','LON',NULL,'',NULL,'','',NULL),
('649a6bf366141e3c20a772ff50cd7847',1,'2021-07-29 09:27:30.679','admin','2021-07-29 09:27:30.679',NULL,NULL,NULL,'LLBBW','','','','','RICO MANZKE','LBBW','UK','LBBW','LBBW','HK','RICO MANZKE','','4064S_SKONTRO@LBBW.DE','','',NULL),
('73bc9ba271905816661acf1f59ca9e2f',1,'2021-07-29 09:27:30.681','admin','2021-07-29 09:27:30.681',NULL,NULL,NULL,'DEKA',NULL,NULL,NULL,NULL,NULL,NULL,'UK','DEKA','DEKA','0.01',NULL,NULL,NULL,'','',NULL),
('74e5c6499375dc5f71cf884ecca050e0',1,'2021-07-29 09:27:30.677','admin','2021-07-29 09:27:30.677',NULL,NULL,NULL,'NOMURA SEC','','','','','','Nomura Securities','UK','NOMS','NOMS','HK','BOBBY LAM',NULL,'reposbondsbrokerage@nomura.com','','',NULL),
('77dde9d9d25826a84da94fdaf7d96770',1,'2021-07-29 09:27:30.671','admin','2021-07-29 09:27:30.671',NULL,NULL,NULL,'COMMERZ LON','Commerzbank AG','Kaiserplatz','60311 Frankfurt am Main','','','COMMERZ LONDON','UK','CMZL','CMZL','LON','','','brokerage.support@commerzbank.com','','',NULL),
('87a5ab40ae39dc26fc2eee810cb176fe',1,'2021-07-29 09:27:30.675','admin','2021-07-29 09:27:30.675',NULL,NULL,NULL,'MACQUARIE','Ropemaker Place','28 Ropemaker Street','London','EC2Y 9HD','','MACQUARIE','UK','MAQU','MAQU','LON','','','modbillingsfeemgmtbrokeragefx@macquarie.com','','',NULL),
('8967facb800da4de60a0f60d00b9be7a',1,'2021-07-29 09:27:30.679','admin','2021-07-29 09:27:30.679',NULL,NULL,NULL,'DRESDNER',NULL,NULL,NULL,NULL,NULL,NULL,'UK','DRES','DRES','0.00',NULL,NULL,NULL,'','',NULL),
('8aed6beb4253850163e0441bdd469289',1,'2021-07-29 09:27:30.676','admin','2021-07-29 09:27:30.676',NULL,NULL,NULL,'NATIXIS','47 Quai d\'Austerlitz','75013','Paris','France','','NATIXIS','UK','NATX','NATX','LON','','','brokerageteam@natixis.com','','',NULL),
('8eeefca3de94b12019342864be45d195',1,'2021-07-29 09:27:30.672','admin','2021-07-29 09:27:30.672',NULL,NULL,NULL,'DEUTSCHE FFT','A-1 & A-2 Evolve','Mohindra Technology Park','Inside Mohindra World City - SEZ','Jaipur','','DEUTSCHE FFT','UK','DBFT','DBFT','LON','','','FEE-BRK.DSOBLR@DB.COM','','',NULL),
('905df467979a98fcbff7837fb5a45692',1,'2021-07-29 09:27:30.675','admin','2021-07-29 09:27:30.675',NULL,NULL,NULL,'KB-LUX','','','','','','test','UK','KBLX','KBLX','LON','','test','','','',NULL),
('909048142dcd6c3f92e4582c4ab290f2',1,'2021-07-29 09:27:30.678','admin','2021-07-29 09:27:30.678',NULL,NULL,NULL,'SOCGEN','189 Rue D Aubervillers','75886 Paris','Cedex 18','','','Societe Generale','UK','SOG','SOG','HK','SOCIETE GENERALE','','sg.invoices@tfimondemand.com','','',NULL),
('91598b467a05626c9ada0fea32809fbc',1,'2021-07-29 09:27:30.670','admin','2021-07-29 09:27:30.670',NULL,NULL,NULL,'BNP PARIS','BNP Paribas SA','Boulevard des Italiens 16','75009','Paris   France','CIB BNPP BONDS BROKERAGE','BNP PARIS','UK','BNPP','BNPP','HK','','','cib.bnpp.bondsbrokerage@bnpparibas.com','','',NULL),
('94755bfc98eaddefe4f574adeac31c65',1,'2021-07-29 09:27:30.675','admin','2021-07-29 09:27:30.675',NULL,NULL,NULL,'JPM','25 Bank Street','Canary Wharf','London','E14 5JP','joel.j.lobo@jpmorgan.com','JP Morgan Securities PLC','UK','JPM','JPM','LON','','JP Morgan Securities PLC','brokerage.control@jpmorgan.com','','',NULL),
('96cd8e3d2bfc29a87df68d8675d26ad7',1,'2021-07-29 09:27:30.681','admin','2021-07-29 09:27:30.681',NULL,NULL,NULL,'CIBC','22 Front Street West','6th floor','Toronto, Ont','M5J 2W5','GALE SCHMID','CIBC','UK','CIBC','CIBC','LON','GALE SCHMID','','GALE.SCHMID@CIBC.CA','','',NULL),
('9e7e857dec7fd74ec6241718fcb479d4',1,'2021-07-29 09:27:30.672','admin','2021-07-29 09:27:30.672',NULL,NULL,NULL,'DAIWA','Daiwa Capital Markets Europe Ltd','5 King William St','London','London','Ms. Jasmeet Chadha','DAIWA','UK','DAIW','DAIW','LON','Ms. Jasmeet Chadha','','TreasuryProductControl@uk.daiwacm.com','margaret.allen@uk.daiwacm.com','',NULL),
('a08a08cf170dc5d8e659104aaf5dda4a',1,'2021-07-29 09:27:30.672','admin','2021-07-29 09:27:30.672',NULL,NULL,NULL,'CS','CREDIT SUISSE | BC&E Processing','Pune, TKCS 21 S2','Rajiv Gandhi Infotech Park (Cs Sez)','411 057 Pune','','CREDIT SUISSE SECURITIES','UK','CS','CS','LON','','','otc.brokerage@credit-suisse.com','','',NULL),
('a575d9dc8c6fbca4a45412b45332a46a',1,'2021-07-29 09:27:30.673','admin','2021-07-29 09:27:30.673',NULL,NULL,NULL,'FORTIX BX','','','','','BRIGITTE BLOCRY','FORTIS BX','UK','FORB','FORB','0.01','BRIGITTE BLOCRY','','BRIGITTE.BLOCRY@BNPPARIBASFORTIS.COM','','',NULL),
('a8a860ddd9428f067954e47899ef3bb9',1,'2021-07-29 09:27:30.664','admin','2021-07-29 09:27:30.664',NULL,NULL,NULL,'ALLIED IRISH','','','','','','ALLIED IRISH','UK','AIB','AIB','0.01','ANITA M FARRELL','','ANITA.M.FARRELL@AIB.IE','','',NULL),
('a8f50506845e63f40f4362ab32b281eb',1,'2021-07-29 09:27:30.680','admin','2021-07-29 09:27:30.680',NULL,NULL,NULL,'NORDLB','2302/2144','Friedrichswall 10','D-30159 Hanover','Germany','OE Transaction Processing','NORD LB','UK','NORD','NORD','LON','OE Transaction Processing','','DOMESTIC.SETTLEMENT@NORDLB.DE','','',NULL),
('b1918994ec3120872b2a046dbad99e9a',1,'2021-07-29 09:27:30.681','admin','2021-07-29 09:27:30.681',NULL,NULL,NULL,'MAPLE BANK',NULL,NULL,NULL,NULL,NULL,NULL,'UK','MAPL','MAPL','0.01',NULL,NULL,NULL,'','',NULL),
('baf686dc1da13eb4d2f52177a3dd2dbc',1,'2021-07-29 09:27:30.671','admin','2021-07-29 09:27:30.671',NULL,NULL,NULL,'COMMERZ FFT','Commerzbank AG','Kaiserplatz','60311 Frankfurt am Main','','','COMMERZ FFT','UK','CMZF','CMZF','LON','','','brokerage.support@commerzbank.com','','',NULL),
('bc3079d561f76f485388864370e0cf07',1,'2021-07-29 09:27:30.679','admin','2021-07-29 09:27:30.679',NULL,NULL,NULL,'WEST LB DUSS','','','','','WOLFGANG RUHNAO','WEST LB','UK','WEST','WEST','0.00','WOLFGANG RUHNAO','','BROKERRECHNUNGEN@PORTIGON.COM','','',NULL),
('c499a8274951cdd8cac05e3c3b02630c',1,'2021-07-29 09:27:30.677','admin','2021-07-29 09:27:30.677',NULL,NULL,NULL,'NOMURA','Ops Control','Trade expense','Nomura Services India Private Limited','','','NOMURA','UK','NOM','NOM','HK','BOBBY LAM','','reposbondsbrokerage@nomura.com','','',NULL),
('c856bf4bcc618d3367ea29103f40003a',1,'2021-07-29 09:27:30.679','admin','2021-07-29 09:27:30.679',NULL,NULL,NULL,'ANGLO',NULL,NULL,NULL,NULL,NULL,NULL,'UK','ANG','ANG','0.01',NULL,NULL,NULL,'','',NULL),
('d2418e84b4448d274869ad29a8ffdc74',1,'2021-07-29 09:27:30.678','admin','2021-07-29 09:27:30.678',NULL,NULL,NULL,'TOR-DOM-LON','60 Threadneedle Street','London','EC2R 8AP','','','TOR DOM LONDON','UK','TORL','TORL','LON','','','FITradeSupport@tdsecurities.com','Doreen.Teh@tdsecurities.com','',NULL),
('e6e817ce5fda9bcb7cef55c5363ad22a',1,'2021-07-29 09:27:30.669','admin','2021-07-29 09:27:30.669',NULL,NULL,NULL,'BBVA','Ciudad BBVA C Sauceda 28, Oceania Centro-1st floor','28050 Madrid-Spain BBVA','VAT number ESA48265169','','JOSE BANUELOS','BANCO BILBAO VIZCAYA ARGENTARIA, S.A.','UK','BBVA','BBVA','LON','JOSE MARTIN BANUELOS','BANCO BILBAO VIZCAYA ARGENTARIA, S.A.','brokerage.billing@bbva.com','jbanuelos@bbva.com','',NULL),
('e9b354594833e83432ac1f7210987da4',1,'2021-07-29 09:27:30.676','admin','2021-07-29 09:27:30.676',NULL,NULL,NULL,'NAB','Level 1 88 Wood Street','London','EC2V 7QQ','','Fixed Income Operations','NATIONAL AUSTRAILIAN BANK','UK','NAB','NAB','HK','JULIE BAREFOOT','','NABI.FIXED.INCOME@EU.NABGROUP.COM','','',NULL),
('ebd951682782cf538079d9160b6a328a',1,'2021-07-29 09:27:30.682','admin','2021-07-29 09:27:30.682',NULL,NULL,NULL,'RABO BANK','','','','','MARTIN VAN','RABO BANK','UK','RABO','RABO','0.0','MARTIN VAN','','MARTIN.VAN.MEERENDONK@RABOBANK.COM','','',NULL),
('f3ffe3aa8b90a48fac60888f56d250fc',1,'2021-07-29 09:27:30.674','admin','2021-07-29 09:27:30.674',NULL,NULL,NULL,'ING','Ops-control ECC-Brokerage','LocationNA 02.78','1000-BV Amsterdam','','Brokerage department','ING','UK','ING','ING','HK','','','OIB-FM-OPSCTRL-BROKERAGE@ING.NL','','',NULL);
-- end GCSPLATFORM_COUNTERPARTY
-- begin GCSPLATFORM_CATEGORY
INSERT INTO `GCSPLATFORM_CATEGORY` VALUES ('0b677599bcd55acfed79dbc691bb8691',1,'2021-07-29 09:45:26.276','admin','2021-07-29 09:45:26.276',NULL,NULL,NULL,'UST'),
('478e89973773943f48ca9cce286c1302',1,'2021-07-29 09:45:14.129','admin','2021-07-29 09:45:14.129',NULL,NULL,NULL,'EGB'),
('8749ebb1f7c070a0100ff07ba96d44c3',1,'2021-07-29 09:45:37.090','admin','2021-07-29 09:45:37.090',NULL,NULL,NULL,'ABS'),
('8a7afb4439a89f39f4367db5ee46bd95',1,'2021-07-29 09:45:08.567','admin','2021-07-29 09:45:08.567',NULL,NULL,NULL,'SSA'),
('a240a9798259f917f772ba6462b64b80',1,'2021-07-29 09:44:55.451','admin','2021-07-29 09:44:55.451',NULL,NULL,NULL,'CORP'),
('bd28c750d8d9e0ad05437e5bcdaccabb',1,'2021-07-29 09:45:21.277','admin','2021-07-29 09:45:21.277',NULL,NULL,NULL,'EGBPIGS'),
('d20de9d62253a5670e65761da1ca4340',1,'2021-07-29 09:45:01.976','admin','2021-07-29 09:45:01.976',NULL,NULL,NULL,'EM'),
('d8946f6fa6c0238dccbecc42bf201110',1,'2021-07-29 09:45:31.852','admin','2021-07-29 09:45:31.852',NULL,NULL,NULL,'GILT');
-- end GCSPLATFORM_CATEGORY
-- begin GCSPLATFORM_COUNTERPARTY_BROKERAGE
INSERT INTO `GCSPLATFORM_COUNTERPARTY_BROKERAGE` VALUES ('01430e851998bff09ee1d3e0d398d891',1,'2021-07-30 07:51:07.477','admin','2021-07-30 07:51:07.477',NULL,NULL,NULL,'232c128b684b32e096b1bae13e20904c','8a7afb4439a89f39f4367db5ee46bd95',0.0100,'GC'),
('0181ee804f72d33b4b2f9c195ddd9444',1,'2021-07-30 07:53:40.801','admin','2021-07-30 07:53:40.801',NULL,NULL,NULL,'e9b354594833e83432ac1f7210987da4','8749ebb1f7c070a0100ff07ba96d44c3',0.0100,'GC'),
('021cae9120173e7c3cb6f94cb564333c',1,'2021-07-30 07:51:11.832','admin','2021-07-30 07:51:11.832',NULL,NULL,NULL,'26f591e192f4368340953efc58cad1c5','8749ebb1f7c070a0100ff07ba96d44c3',0.0300,'SPECIAL'),
('0235a824469afc8006f1b37e521252c1',1,'2021-07-30 07:52:59.704','admin','2021-07-30 07:52:59.704',NULL,NULL,NULL,'96cd8e3d2bfc29a87df68d8675d26ad7','0b677599bcd55acfed79dbc691bb8691',0.0050,'GC'),
('024dd11a1a40d80f14b8b5d81ca94532',1,'2021-07-30 07:51:29.880','admin','2021-07-30 07:51:29.880',NULL,NULL,NULL,'3171231018238781ad10b9bcef871d7c','d8946f6fa6c0238dccbecc42bf201110',0.0050,'GC'),
('0274f1e4c2487daa6f3e21b9a9565b0f',1,'2021-07-30 07:51:49.111','admin','2021-07-30 07:51:49.111',NULL,NULL,NULL,'487b3661eb8bd8ae6905d37f9884dcb2','d20de9d62253a5670e65761da1ca4340',0.0100,'GC'),
('03bf8647d88804180543153d6218f856',1,'2021-07-30 07:52:01.524','admin','2021-07-30 07:52:01.524',NULL,NULL,NULL,'536aee73f635f790b11ed3a2634bdba1','8749ebb1f7c070a0100ff07ba96d44c3',0.0100,'GC'),
('04430f3c0a16da820301868d4bf405fb',1,'2021-07-30 07:53:12.382','admin','2021-07-30 07:53:12.382',NULL,NULL,NULL,'a08a08cf170dc5d8e659104aaf5dda4a','a240a9798259f917f772ba6462b64b80',0.0300,'SPECIAL'),
('047a01264923583f7bcecf425a652d64',1,'2021-07-30 07:51:19.300','admin','2021-07-30 07:51:19.300',NULL,NULL,NULL,'29db1ef3659eb96ccdf6bf1e76ccef66','d20de9d62253a5670e65761da1ca4340',0.0100,'GC'),
('054dcc3b190da867173f3945338786f0',1,'2021-07-30 07:52:47.949','admin','2021-07-30 07:52:47.949',NULL,NULL,NULL,'909048142dcd6c3f92e4582c4ab290f2','bd28c750d8d9e0ad05437e5bcdaccabb',0.0300,'SPECIAL'),
('057d1faf7d3e3c51d1d12e3e39f47854',1,'2021-07-30 07:53:15.474','admin','2021-07-30 07:53:15.474',NULL,NULL,NULL,'a8f50506845e63f40f4362ab32b281eb','478e89973773943f48ca9cce286c1302',0.0300,'SPECIAL'),
('05f1dab27c3a5cdb2d20190eba93f8f7',1,'2021-07-30 07:51:24.275','admin','2021-07-30 07:51:24.275',NULL,NULL,NULL,'2c4dd9fe30d2665c3f3a922c88024c3e','d20de9d62253a5670e65761da1ca4340',0.0300,'SPECIAL'),
('06abe72fc09a622332f613900a48db4f',1,'2021-07-30 07:51:39.802','admin','2021-07-30 07:51:39.802',NULL,NULL,NULL,'3f5dac6754c4c7f9d215775c090a8a6c','d8946f6fa6c0238dccbecc42bf201110',0.0050,'GC'),
('071b5efd43a5514fc81fb0f394e7aa39',1,'2021-07-30 07:51:04.363','admin','2021-07-30 07:51:04.363',NULL,NULL,NULL,'227357c4b782206ca228328caead425b','d20de9d62253a5670e65761da1ca4340',0.0100,'GC'),
('072d1993840c175f778a4a2c01c41e50',1,'2021-07-30 07:52:32.484','admin','2021-07-30 07:52:32.484',NULL,NULL,NULL,'8aed6beb4253850163e0441bdd469289','a240a9798259f917f772ba6462b64b80',0.0100,'GC'),
('079932c8cebb92a41776ea74a32eabda',1,'2021-07-30 07:51:08.721','admin','2021-07-30 07:51:08.721',NULL,NULL,NULL,'232c128b684b32e096b1bae13e20904c','bd28c750d8d9e0ad05437e5bcdaccabb',0.0100,'GC'),
('07a7ea062e61b49dfd7952ad018c84bb',1,'2021-07-30 07:51:48.492','admin','2021-07-30 07:51:48.492',NULL,NULL,NULL,'487b3661eb8bd8ae6905d37f9884dcb2','bd28c750d8d9e0ad05437e5bcdaccabb',0.0300,'SPECIAL'),
('07b123efee73e0fdc7ddb189408a7ab9',1,'2021-07-30 07:52:13.911','admin','2021-07-30 07:52:13.911',NULL,NULL,NULL,'649a6bf366141e3c20a772ff50cd7847','d20de9d62253a5670e65761da1ca4340',0.0050,'GC'),
('093aff3f93d58f03523f466c1c5ee46b',1,'2021-07-30 07:53:02.173','admin','2021-07-30 07:53:02.173',NULL,NULL,NULL,'96cd8e3d2bfc29a87df68d8675d26ad7','a240a9798259f917f772ba6462b64b80',0.0300,'SPECIAL'),
('0974981f1c5f2ff301cbcef218d42d07',1,'2021-07-30 07:53:12.382','admin','2021-07-30 07:53:12.382',NULL,NULL,NULL,'a08a08cf170dc5d8e659104aaf5dda4a','a240a9798259f917f772ba6462b64b80',0.0100,'GC'),
('0a63da4134997850f81d7e1f024eb08f',1,'2021-07-30 07:52:12.673','admin','2021-07-30 07:52:12.673',NULL,NULL,NULL,'649a6bf366141e3c20a772ff50cd7847','a240a9798259f917f772ba6462b64b80',0.0050,'GC'),
('0ae4c61f87ac363993f57ecf561410c9',1,'2021-07-30 07:51:23.034','admin','2021-07-30 07:51:23.034',NULL,NULL,NULL,'2c4dd9fe30d2665c3f3a922c88024c3e','a240a9798259f917f772ba6462b64b80',0.0100,'GC'),
('0d40880534e8b2f72412093b4fa92e57',1,'2021-07-30 07:52:46.092','admin','2021-07-30 07:52:46.092',NULL,NULL,NULL,'909048142dcd6c3f92e4582c4ab290f2','8749ebb1f7c070a0100ff07ba96d44c3',0.0300,'SPECIAL'),
('0dc0b70db4cfdcf8b370fd446c639a61',1,'2021-07-30 07:53:05.880','admin','2021-07-30 07:53:05.880',NULL,NULL,NULL,'9e7e857dec7fd74ec6241718fcb479d4','8749ebb1f7c070a0100ff07ba96d44c3',0.0300,'SPECIAL'),
('0e01ad1838989e97fd1f24c357f708ea',1,'2021-07-30 07:52:51.665','admin','2021-07-30 07:52:51.665',NULL,NULL,NULL,'91598b467a05626c9ada0fea32809fbc','8a7afb4439a89f39f4367db5ee46bd95',0.0100,'SPECIAL'),
('0e0c3dbfa3ba9431bf8a07382a2e6429',1,'2021-07-30 07:53:46.359','admin','2021-07-30 07:53:46.359',NULL,NULL,NULL,'f3ffe3aa8b90a48fac60888f56d250fc','8a7afb4439a89f39f4367db5ee46bd95',0.0300,'SPECIAL'),
('0e1f8d10ff03d1a9e43ffacaeee9efa5',1,'2021-07-30 07:53:01.553','admin','2021-07-30 07:53:01.553',NULL,NULL,NULL,'96cd8e3d2bfc29a87df68d8675d26ad7','8a7afb4439a89f39f4367db5ee46bd95',0.0100,'GC'),
('0e390c152b0a162529242e9002233a3f',1,'2021-07-30 07:53:19.189','admin','2021-07-30 07:53:19.189',NULL,NULL,NULL,'a8f50506845e63f40f4362ab32b281eb','d8946f6fa6c0238dccbecc42bf201110',0.0050,'GC'),
('0e9920dfa66d33174ad49013b8a23176',1,'2021-07-30 07:52:44.859','admin','2021-07-30 07:52:44.859',NULL,NULL,NULL,'909048142dcd6c3f92e4582c4ab290f2','0b677599bcd55acfed79dbc691bb8691',0.0100,'SPECIAL'),
('0f2f6098da77ec73170d4f71eedf49e3',1,'2021-07-30 07:53:46.358','admin','2021-07-30 07:53:46.358',NULL,NULL,NULL,'f3ffe3aa8b90a48fac60888f56d250fc','8a7afb4439a89f39f4367db5ee46bd95',0.0200,'GC'),
('0f9c669036366e4879179653d6431dd3',1,'2021-07-30 07:53:14.239','admin','2021-07-30 07:53:14.239',NULL,NULL,NULL,'a08a08cf170dc5d8e659104aaf5dda4a','d8946f6fa6c0238dccbecc42bf201110',0.0050,'GC'),
('10985f243f7c173ad18bf24a9ba9c156',1,'2021-07-30 07:51:24.900','admin','2021-07-30 07:51:24.900',NULL,NULL,NULL,'2c4dd9fe30d2665c3f3a922c88024c3e','d8946f6fa6c0238dccbecc42bf201110',0.0050,'GC'),
('10b160aab4189bd4ba3518683ab44555',1,'2021-07-30 07:53:42.036','admin','2021-07-30 07:53:42.036',NULL,NULL,NULL,'e9b354594833e83432ac1f7210987da4','a240a9798259f917f772ba6462b64b80',0.0300,'SPECIAL'),
('10d7b2ff20330e7181ab1e6c576f94e8',1,'2021-07-30 07:51:15.571','admin','2021-07-30 07:51:15.571',NULL,NULL,NULL,'29db1ef3659eb96ccdf6bf1e76ccef66','0b677599bcd55acfed79dbc691bb8691',0.0100,'SPECIAL'),
('1110f2f05252d2aaa785f7cefa924c8a',1,'2021-07-30 07:51:57.166','admin','2021-07-30 07:51:57.166',NULL,NULL,NULL,'5247896d22ff87120c997c7639909bd9','8a7afb4439a89f39f4367db5ee46bd95',0.0100,'GC'),
('12022f4480b7f8a94878e3bfdb5f1a6e',1,'2021-07-30 07:50:59.362','admin','2021-07-30 07:50:59.362',NULL,NULL,NULL,'1169999cbaf8348f64ca1686d80a6d6f','d20de9d62253a5670e65761da1ca4340',0.0000,'SPECIAL'),
('128c1d7334a7ab0f944a2dab4ae3faf1',1,'2021-07-30 07:53:16.720','admin','2021-07-30 07:53:16.720',NULL,NULL,NULL,'a8f50506845e63f40f4362ab32b281eb','8a7afb4439a89f39f4367db5ee46bd95',0.0100,'GC'),
('12b228ec6bb700196762e9deb2c9fbd1',1,'2021-07-30 07:53:09.607','admin','2021-07-30 07:53:09.607',NULL,NULL,NULL,'a08a08cf170dc5d8e659104aaf5dda4a','0b677599bcd55acfed79dbc691bb8691',0.0100,'SPECIAL'),
('1348be6c231fba3c8c209280797f90bb',1,'2021-07-30 07:53:41.422','admin','2021-07-30 07:53:41.422',NULL,NULL,NULL,'e9b354594833e83432ac1f7210987da4','8a7afb4439a89f39f4367db5ee46bd95',0.0300,'SPECIAL'),
('134acd9064e390cfcf9f46e402590ed2',1,'2021-07-30 07:51:42.914','admin','2021-07-30 07:51:42.914',NULL,NULL,NULL,'416faa810d11af0c912804502c20bdd6','a240a9798259f917f772ba6462b64b80',0.0100,'GC'),
('13562ff011be78517bdf707601b0f844',1,'2021-07-30 07:53:11.145','admin','2021-07-30 07:53:11.145',NULL,NULL,NULL,'a08a08cf170dc5d8e659104aaf5dda4a','8749ebb1f7c070a0100ff07ba96d44c3',0.0300,'SPECIAL'),
('137d11517b0cc30e42983b9bb296341a',1,'2021-07-30 07:53:48.827','admin','2021-07-30 07:53:48.827',NULL,NULL,NULL,'f3ffe3aa8b90a48fac60888f56d250fc','d8946f6fa6c0238dccbecc42bf201110',0.0100,'GC'),
('14652342d58506aa3637783d71111993',1,'2021-07-30 07:52:25.043','admin','2021-07-30 07:52:25.043',NULL,NULL,NULL,'87a5ab40ae39dc26fc2eee810cb176fe','0b677599bcd55acfed79dbc691bb8691',0.0300,'SPECIAL'),
('14dbcb1b112b7e275090dff7d98fe2d9',1,'2021-07-30 07:53:38.329','admin','2021-07-30 07:53:38.329',NULL,NULL,NULL,'e6e817ce5fda9bcb7cef55c5363ad22a','d20de9d62253a5670e65761da1ca4340',0.0100,'GC'),
('158e5455c8af58e6232a38be0ed8eb90',1,'2021-07-30 07:53:44.509','admin','2021-07-30 07:53:44.509',NULL,NULL,NULL,'f3ffe3aa8b90a48fac60888f56d250fc','0b677599bcd55acfed79dbc691bb8691',0.0300,'SPECIAL'),
('15921055356f7e9c774f234e966847f9',1,'2021-07-30 07:52:00.900','admin','2021-07-30 07:52:00.900',NULL,NULL,NULL,'536aee73f635f790b11ed3a2634bdba1','478e89973773943f48ca9cce286c1302',0.0050,'GC'),
('15fec13704920e5cd3bb323e794e86a6',1,'2021-07-30 07:51:13.078','admin','2021-07-30 07:51:13.078',NULL,NULL,NULL,'26f591e192f4368340953efc58cad1c5','a240a9798259f917f772ba6462b64b80',0.0300,'SPECIAL'),
('1646f5e8fe699ea220626a24ed6ce84d',1,'2021-07-30 07:52:50.430','admin','2021-07-30 07:52:50.430',NULL,NULL,NULL,'91598b467a05626c9ada0fea32809fbc','478e89973773943f48ca9cce286c1302',0.0100,'SPECIAL'),
('169712800b9958da10eaf06f2fafa7a8',1,'2021-07-30 07:51:52.213','admin','2021-07-30 07:51:52.213',NULL,NULL,NULL,'4d76d4ff6fd63a4fc735c40af5eac77d','8a7afb4439a89f39f4367db5ee46bd95',0.0100,'GC'),
('16bad7c8e1f50210c8f16a9572f3c359',1,'2021-07-30 07:52:05.234','admin','2021-07-30 07:52:05.234',NULL,NULL,NULL,'5d93cef50e4c96045f1b42ed7d81433e','0b677599bcd55acfed79dbc691bb8691',0.0000,'SPECIAL'),
('186a4e509aad06501370d050c52301f7',1,'2021-07-30 07:52:49.184','admin','2021-07-30 07:52:49.184',NULL,NULL,NULL,'909048142dcd6c3f92e4582c4ab290f2','d8946f6fa6c0238dccbecc42bf201110',0.0100,'SPECIAL'),
('18c56a8d27214ebc982cf9bb9cfb85b6',1,'2021-07-30 07:53:39.569','admin','2021-07-30 07:53:39.569',NULL,NULL,NULL,'e9b354594833e83432ac1f7210987da4','0b677599bcd55acfed79dbc691bb8691',0.0050,'GC'),
('18de40a0ca0207f648cdfadae3e3d4a3',1,'2021-07-30 07:53:15.474','admin','2021-07-30 07:53:15.474',NULL,NULL,NULL,'a8f50506845e63f40f4362ab32b281eb','478e89973773943f48ca9cce286c1302',0.0050,'GC'),
('19fce0b3fb21ed5c808b2c5bdd399caa',1,'2021-07-30 07:52:20.104','admin','2021-07-30 07:52:20.104',NULL,NULL,NULL,'77dde9d9d25826a84da94fdaf7d96770','0b677599bcd55acfed79dbc691bb8691',0.0100,'GC'),
('19fcf1de442bced7224d6a7ccf5b6c76',1,'2021-07-30 07:52:19.487','admin','2021-07-30 07:52:19.487',NULL,NULL,NULL,'74e5c6499375dc5f71cf884ecca050e0','d8946f6fa6c0238dccbecc42bf201110',0.0075,'GC'),
('1a34428b1820ad8e4bedc93cf8ba12bb',1,'2021-07-30 07:52:24.426','admin','2021-07-30 07:52:24.426',NULL,NULL,NULL,'77dde9d9d25826a84da94fdaf7d96770','d8946f6fa6c0238dccbecc42bf201110',0.0050,'GC'),
('1accdee52cbac8ce0db6984c5cc74286',1,'2021-07-30 07:53:06.499','admin','2021-07-30 07:53:06.499',NULL,NULL,NULL,'9e7e857dec7fd74ec6241718fcb479d4','8a7afb4439a89f39f4367db5ee46bd95',0.0300,'SPECIAL'),
('1adfba5f305453d86328179f53bdd369',1,'2021-07-30 07:51:41.676','admin','2021-07-30 07:51:41.676',NULL,NULL,NULL,'416faa810d11af0c912804502c20bdd6','8749ebb1f7c070a0100ff07ba96d44c3',0.0300,'SPECIAL'),
('1b9dc724450c6ed544b04368d85109ed',1,'2021-07-30 07:53:41.422','admin','2021-07-30 07:53:41.422',NULL,NULL,NULL,'e9b354594833e83432ac1f7210987da4','8a7afb4439a89f39f4367db5ee46bd95',0.0100,'GC'),
('1bc26e442f760eae7a18517c23de656b',1,'2021-07-30 07:51:30.502','admin','2021-07-30 07:51:30.502',NULL,NULL,NULL,'34ce3e64408033d925bf7966c5902627','0b677599bcd55acfed79dbc691bb8691',0.0100,'SPECIAL'),
('1bd50e3bb743d092065d4039e2820268',1,'2021-07-30 07:51:26.139','admin','2021-07-30 07:51:26.139',NULL,NULL,NULL,'3171231018238781ad10b9bcef871d7c','478e89973773943f48ca9cce286c1302',0.0050,'GC'),
('1c26431089531ce5c474e73b915ade67',1,'2021-07-30 07:51:18.058','admin','2021-07-30 07:51:18.058',NULL,NULL,NULL,'29db1ef3659eb96ccdf6bf1e76ccef66','a240a9798259f917f772ba6462b64b80',0.0300,'SPECIAL'),
('1c3c37f8c5b5f41f6da34e4eaba3fe2e',1,'2021-07-30 07:51:52.833','admin','2021-07-30 07:51:52.833',NULL,NULL,NULL,'4d76d4ff6fd63a4fc735c40af5eac77d','a240a9798259f917f772ba6462b64b80',0.0300,'SPECIAL'),
('1c521194701c783eac8551fc93a4cc8b',1,'2021-07-30 07:51:49.733','admin','2021-07-30 07:51:49.733',NULL,NULL,NULL,'487b3661eb8bd8ae6905d37f9884dcb2','d8946f6fa6c0238dccbecc42bf201110',0.0100,'SPECIAL'),
('1c5c72fb4e364f0dd44ef88035454527',1,'2021-07-30 07:53:25.986','admin','2021-07-30 07:53:25.986',NULL,NULL,NULL,'c499a8274951cdd8cac05e3c3b02630c','8749ebb1f7c070a0100ff07ba96d44c3',0.0075,'GC'),
('1cb62ebfb3dc5dfab1b333a93e465d64',1,'2021-07-30 07:51:41.675','admin','2021-07-30 07:51:41.675',NULL,NULL,NULL,'416faa810d11af0c912804502c20bdd6','8749ebb1f7c070a0100ff07ba96d44c3',0.0100,'GC'),
('1ce42a5716d7ec7c543862c56d92d8af',1,'2021-07-30 07:51:58.402','admin','2021-07-30 07:51:58.402',NULL,NULL,NULL,'5247896d22ff87120c997c7639909bd9','bd28c750d8d9e0ad05437e5bcdaccabb',0.0300,'SPECIAL'),
('1d77a3390b4175ebee68f344648ee344',1,'2021-07-30 07:52:17.005','admin','2021-07-30 07:52:17.005',NULL,NULL,NULL,'74e5c6499375dc5f71cf884ecca050e0','8a7afb4439a89f39f4367db5ee46bd95',0.0250,'SPECIAL'),
('1e465a112facc9b4bdf81b94e112583b',1,'2021-07-30 07:53:23.519','admin','2021-07-30 07:53:23.519',NULL,NULL,NULL,'baf686dc1da13eb4d2f52177a3dd2dbc','d20de9d62253a5670e65761da1ca4340',0.0100,'GC'),
('1e9dbbaef8c8f812ecd5bfa5ea0a3ad7',1,'2021-07-30 07:52:54.760','admin','2021-07-30 07:52:54.760',NULL,NULL,NULL,'94755bfc98eaddefe4f574adeac31c65','0b677599bcd55acfed79dbc691bb8691',0.0100,'SPECIAL'),
('1f449dd0895565e14926e709dd57e147',1,'2021-07-30 07:52:38.049','admin','2021-07-30 07:52:38.049',NULL,NULL,NULL,'8eeefca3de94b12019342864be45d195','bd28c750d8d9e0ad05437e5bcdaccabb',0.0300,'SPECIAL'),
('1fb167151d1a48a60c17e6bf5080cc94',1,'2021-07-30 07:52:28.163','admin','2021-07-30 07:52:28.163',NULL,NULL,NULL,'87a5ab40ae39dc26fc2eee810cb176fe','bd28c750d8d9e0ad05437e5bcdaccabb',0.0100,'GC'),
('1fb67ec65a450fd8e6d3c5f72e4324d6',1,'2021-07-30 07:51:14.324','admin','2021-07-30 07:51:14.324',NULL,NULL,NULL,'26f591e192f4368340953efc58cad1c5','d20de9d62253a5670e65761da1ca4340',0.0300,'SPECIAL'),
('1fd105f42370e4ec959a946a199bb63c',1,'2021-07-30 07:51:09.962','admin','2021-07-30 07:51:09.962',NULL,NULL,NULL,'232c128b684b32e096b1bae13e20904c','d8946f6fa6c0238dccbecc42bf201110',0.0050,'GC'),
('2099298ebb29cc518a8ca8a6726ae56b',1,'2021-07-30 07:51:54.687','admin','2021-07-30 07:51:54.687',NULL,NULL,NULL,'4d76d4ff6fd63a4fc735c40af5eac77d','d8946f6fa6c0238dccbecc42bf201110',0.0100,'SPECIAL'),
('228206a6a5ce803a729fc445e6e312fc',1,'2021-07-30 07:51:02.490','admin','2021-07-30 07:51:02.490',NULL,NULL,NULL,'227357c4b782206ca228328caead425b','8a7afb4439a89f39f4367db5ee46bd95',0.0100,'GC'),
('228709af15d77eec82c4f5d345f2dc96',1,'2021-07-30 07:53:08.362','admin','2021-07-30 07:53:08.362',NULL,NULL,NULL,'9e7e857dec7fd74ec6241718fcb479d4','d20de9d62253a5670e65761da1ca4340',0.0100,'GC'),
('234762d7e318fd5bb7130bc99ca46a03',1,'2021-07-30 07:52:15.149','admin','2021-07-30 07:52:15.149',NULL,NULL,NULL,'74e5c6499375dc5f71cf884ecca050e0','0b677599bcd55acfed79dbc691bb8691',0.0075,'SPECIAL'),
('23eed0506a60c647a4a9d0f6ad602d2a',1,'2021-07-30 07:53:39.569','admin','2021-07-30 07:53:39.569',NULL,NULL,NULL,'e9b354594833e83432ac1f7210987da4','0b677599bcd55acfed79dbc691bb8691',0.0100,'SPECIAL'),
('24a60cb01abfeefd57c15a60ff1ac303',1,'2021-07-30 07:51:20.546','admin','2021-07-30 07:51:20.546',NULL,NULL,NULL,'2c4dd9fe30d2665c3f3a922c88024c3e','0b677599bcd55acfed79dbc691bb8691',0.0100,'SPECIAL'),
('250473c31e2666572f91fc4bd80777c2',1,'2021-07-30 07:52:58.469','admin','2021-07-30 07:52:58.469',NULL,NULL,NULL,'94755bfc98eaddefe4f574adeac31c65','d20de9d62253a5670e65761da1ca4340',0.0300,'SPECIAL'),
('256e25ed3d1d17fd70f88cd66cafad0a',1,'2021-07-30 07:51:57.784','admin','2021-07-30 07:51:57.784',NULL,NULL,NULL,'5247896d22ff87120c997c7639909bd9','a240a9798259f917f772ba6462b64b80',0.0300,'SPECIAL'),
('25c4cd6e36f40a56ccc10bc6ca2eac57',1,'2021-07-30 07:53:19.814','admin','2021-07-30 07:53:19.814',NULL,NULL,NULL,'baf686dc1da13eb4d2f52177a3dd2dbc','0b677599bcd55acfed79dbc691bb8691',0.0100,'SPECIAL'),
('25e10e2f4ad3f0c3038260052c2ed40d',1,'2021-07-30 07:50:52.464','admin','2021-07-30 07:50:52.464',NULL,NULL,NULL,'01b158ace961d94c787b2e0edae1a90a','8a7afb4439a89f39f4367db5ee46bd95',0.0050,'GC'),
('262d49dc83917ad6c5f546c80c42c63b',1,'2021-07-30 07:52:00.277','admin','2021-07-30 07:52:00.277',NULL,NULL,NULL,'536aee73f635f790b11ed3a2634bdba1','0b677599bcd55acfed79dbc691bb8691',0.0050,'GC'),
('262d6cc03b06d517a3c1f4ff1bfa6a67',1,'2021-07-30 07:53:05.261','admin','2021-07-30 07:53:05.261',NULL,NULL,NULL,'9e7e857dec7fd74ec6241718fcb479d4','478e89973773943f48ca9cce286c1302',0.0050,'GC'),
('268195f88b27c0bbbfe8021f4a920e6c',1,'2021-07-30 07:53:30.934','admin','2021-07-30 07:53:30.934',NULL,NULL,NULL,'d2418e84b4448d274869ad29a8ffdc74','8749ebb1f7c070a0100ff07ba96d44c3',0.0300,'SPECIAL'),
('268be0f6ff2dca2690d77dfccbbb4064',1,'2021-07-30 07:51:26.140','admin','2021-07-30 07:51:26.140',NULL,NULL,NULL,'3171231018238781ad10b9bcef871d7c','478e89973773943f48ca9cce286c1302',0.0300,'SPECIAL'),
('26f588c20efda4633beb9280f6a50bff',1,'2021-07-30 07:51:34.839','admin','2021-07-30 07:51:34.839',NULL,NULL,NULL,'34ce3e64408033d925bf7966c5902627','d8946f6fa6c0238dccbecc42bf201110',0.0100,'SPECIAL'),
('2770c69af52d1e8ec2f7a1578b29f6e8',1,'2021-07-30 07:52:00.900','admin','2021-07-30 07:52:00.900',NULL,NULL,NULL,'536aee73f635f790b11ed3a2634bdba1','478e89973773943f48ca9cce286c1302',0.0300,'SPECIAL'),
('27de5a096d48a1a26b9cea5c39f095d1',1,'2021-07-30 07:51:42.915','admin','2021-07-30 07:51:42.915',NULL,NULL,NULL,'416faa810d11af0c912804502c20bdd6','a240a9798259f917f772ba6462b64b80',0.0300,'SPECIAL'),
('27e297496d20fef2e7af7117467a0c13',1,'2021-07-30 07:52:42.386','admin','2021-07-30 07:52:42.386',NULL,NULL,NULL,'905df467979a98fcbff7837fb5a45692','a240a9798259f917f772ba6462b64b80',0.0300,'SPECIAL'),
('27fed0abf7bd4627dd36150dc0aee853',1,'2021-07-30 07:51:50.971','admin','2021-07-30 07:51:50.971',NULL,NULL,NULL,'4d76d4ff6fd63a4fc735c40af5eac77d','478e89973773943f48ca9cce286c1302',0.0300,'SPECIAL'),
('281b88749bcf0d0b8486b80d35d89fb2',1,'2021-07-30 07:51:14.324','admin','2021-07-30 07:51:14.324',NULL,NULL,NULL,'26f591e192f4368340953efc58cad1c5','d20de9d62253a5670e65761da1ca4340',0.0100,'GC'),
('2888c62b407c9f1c774f91e85fb49566',1,'2021-07-30 07:51:47.253','admin','2021-07-30 07:51:47.253',NULL,NULL,NULL,'487b3661eb8bd8ae6905d37f9884dcb2','8a7afb4439a89f39f4367db5ee46bd95',0.0100,'GC'),
('288c3ce53cc6b6454890aefad06c9159',1,'2021-07-30 07:51:34.220','admin','2021-07-30 07:51:34.220',NULL,NULL,NULL,'34ce3e64408033d925bf7966c5902627','d20de9d62253a5670e65761da1ca4340',0.0300,'SPECIAL'),
('28a41b8139778381582ae4a8404dcafa',1,'2021-07-30 07:53:34.019','admin','2021-07-30 07:53:34.019',NULL,NULL,NULL,'d2418e84b4448d274869ad29a8ffdc74','d8946f6fa6c0238dccbecc42bf201110',0.0100,'SPECIAL'),
('28dba9b4e9f6dfd04b669b35a57f0f9e',1,'2021-07-30 07:51:36.700','admin','2021-07-30 07:51:36.700',NULL,NULL,NULL,'3f5dac6754c4c7f9d215775c090a8a6c','8749ebb1f7c070a0100ff07ba96d44c3',0.0300,'SPECIAL'),
('28eff19cb736ffee9c93b08f74c35b48',1,'2021-07-30 07:51:36.700','admin','2021-07-30 07:51:36.700',NULL,NULL,NULL,'3f5dac6754c4c7f9d215775c090a8a6c','8749ebb1f7c070a0100ff07ba96d44c3',0.0100,'GC'),
('28fad67c1c5cfedf1fd9805e7f6a8f16',1,'2021-07-30 07:51:56.543','admin','2021-07-30 07:51:56.543',NULL,NULL,NULL,'5247896d22ff87120c997c7639909bd9','8749ebb1f7c070a0100ff07ba96d44c3',0.0300,'SPECIAL'),
('2917f1d929511bd6fc44d69c5e0336c4',1,'2021-07-30 07:51:27.999','admin','2021-07-30 07:51:27.999',NULL,NULL,NULL,'3171231018238781ad10b9bcef871d7c','a240a9798259f917f772ba6462b64b80',0.0300,'SPECIAL'),
('29193e3e7329ad113bec16cb316dfedc',1,'2021-07-30 07:53:00.937','admin','2021-07-30 07:53:00.937',NULL,NULL,NULL,'96cd8e3d2bfc29a87df68d8675d26ad7','8749ebb1f7c070a0100ff07ba96d44c3',0.0100,'GC'),
('296f332b9897d88fc0f8e662a0ba4cd1',1,'2021-07-30 07:52:45.475','admin','2021-07-30 07:52:45.475',NULL,NULL,NULL,'909048142dcd6c3f92e4582c4ab290f2','478e89973773943f48ca9cce286c1302',0.0300,'SPECIAL'),
('2a4fcae891f3894f12276232738bd367',1,'2021-07-30 07:50:57.475','admin','2021-07-30 07:50:57.475',NULL,NULL,NULL,'1169999cbaf8348f64ca1686d80a6d6f','8a7afb4439a89f39f4367db5ee46bd95',0.0000,'GC'),
('2b0a92ae2e1ac779f6ffc229ba22cecb',1,'2021-07-30 07:52:14.532','admin','2021-07-30 07:52:14.532',NULL,NULL,NULL,'649a6bf366141e3c20a772ff50cd7847','d8946f6fa6c0238dccbecc42bf201110',0.0100,'SPECIAL'),
('2b1e3fb9ddc719bb8bc5d0a7287e9715',1,'2021-07-30 07:51:06.855','admin','2021-07-30 07:51:06.855',NULL,NULL,NULL,'232c128b684b32e096b1bae13e20904c','8749ebb1f7c070a0100ff07ba96d44c3',0.0100,'GC'),
('2b40a0fb7765c9eec6a8c40f1097341b',1,'2021-07-30 07:51:14.949','admin','2021-07-30 07:51:14.949',NULL,NULL,NULL,'26f591e192f4368340953efc58cad1c5','d8946f6fa6c0238dccbecc42bf201110',0.0100,'GC'),
('2b5da314d3324d70bdec560a6e7ad2ba',1,'2021-07-30 07:52:14.532','admin','2021-07-30 07:52:14.532',NULL,NULL,NULL,'649a6bf366141e3c20a772ff50cd7847','d8946f6fa6c0238dccbecc42bf201110',0.0050,'GC'),
('2b6e6536721578444b0efe92430ab9cf',1,'2021-07-30 07:53:36.481','admin','2021-07-30 07:53:36.481',NULL,NULL,NULL,'e6e817ce5fda9bcb7cef55c5363ad22a','8a7afb4439a89f39f4367db5ee46bd95',0.0100,'GC'),
('2c785a61361085150276f8b7768f40a1',1,'2021-07-30 07:53:16.720','admin','2021-07-30 07:53:16.720',NULL,NULL,NULL,'a8f50506845e63f40f4362ab32b281eb','8a7afb4439a89f39f4367db5ee46bd95',0.0300,'SPECIAL'),
('2cbab75301ba749c34b97210bdc71093',1,'2021-07-30 07:53:45.744','admin','2021-07-30 07:53:45.744',NULL,NULL,NULL,'f3ffe3aa8b90a48fac60888f56d250fc','8749ebb1f7c070a0100ff07ba96d44c3',0.0300,'SPECIAL'),
('2d6175ce7d5c6b636794ede951d94761',1,'2021-07-30 07:52:33.722','admin','2021-07-30 07:52:33.722',NULL,NULL,NULL,'8aed6beb4253850163e0441bdd469289','d20de9d62253a5670e65761da1ca4340',0.0300,'SPECIAL'),
('2d84bb063669b8cc1b1c444e92c759cb',1,'2021-07-30 07:53:16.096','admin','2021-07-30 07:53:16.096',NULL,NULL,NULL,'a8f50506845e63f40f4362ab32b281eb','8749ebb1f7c070a0100ff07ba96d44c3',0.0300,'SPECIAL'),
('2f606f7005da2d5ec0de0666cd68d8f2',1,'2021-07-30 07:51:51.595','admin','2021-07-30 07:51:51.595',NULL,NULL,NULL,'4d76d4ff6fd63a4fc735c40af5eac77d','8749ebb1f7c070a0100ff07ba96d44c3',0.0300,'SPECIAL'),
('2f63b3edad1f4936f967bb98e8105f71',1,'2021-07-30 07:51:04.991','admin','2021-07-30 07:51:04.991',NULL,NULL,NULL,'227357c4b782206ca228328caead425b','d8946f6fa6c0238dccbecc42bf201110',0.0100,'SPECIAL'),
('31739f2293639791a2b2f9fc5f8268b0',1,'2021-07-30 07:52:54.760','admin','2021-07-30 07:52:54.760',NULL,NULL,NULL,'94755bfc98eaddefe4f574adeac31c65','0b677599bcd55acfed79dbc691bb8691',0.0050,'GC'),
('31faae091bfc998669f436f3fb82e389',1,'2021-07-30 07:53:45.743','admin','2021-07-30 07:53:45.743',NULL,NULL,NULL,'f3ffe3aa8b90a48fac60888f56d250fc','8749ebb1f7c070a0100ff07ba96d44c3',0.0200,'GC'),
('326d16c8c8a345ac927d079fade53a1a',1,'2021-07-30 07:53:30.316','admin','2021-07-30 07:53:30.316',NULL,NULL,NULL,'d2418e84b4448d274869ad29a8ffdc74','478e89973773943f48ca9cce286c1302',0.0300,'SPECIAL'),
('3277e621622b5cea6338b793be446953',1,'2021-07-30 07:53:13.620','admin','2021-07-30 07:53:13.620',NULL,NULL,NULL,'a08a08cf170dc5d8e659104aaf5dda4a','d20de9d62253a5670e65761da1ca4340',0.0300,'SPECIAL'),
('32aeb96c25aab1d086474a113e6cd338',1,'2021-07-30 07:51:41.054','admin','2021-07-30 07:51:41.054',NULL,NULL,NULL,'416faa810d11af0c912804502c20bdd6','478e89973773943f48ca9cce286c1302',0.0300,'SPECIAL'),
('32afc8a4ef8b13634ca3e00789d6b2d3',1,'2021-07-30 07:52:38.667','admin','2021-07-30 07:52:38.667',NULL,NULL,NULL,'8eeefca3de94b12019342864be45d195','d20de9d62253a5670e65761da1ca4340',0.0100,'GC'),
('32c4b19e4b8c3425ddb682cee018007b',1,'2021-07-30 07:52:09.567','admin','2021-07-30 07:52:09.567',NULL,NULL,NULL,'5d93cef50e4c96045f1b42ed7d81433e','d8946f6fa6c0238dccbecc42bf201110',0.0000,'SPECIAL'),
('335a56e1fe848b5ba21e16ba3fce6892',1,'2021-07-30 07:52:02.143','admin','2021-07-30 07:52:02.143',NULL,NULL,NULL,'536aee73f635f790b11ed3a2634bdba1','8a7afb4439a89f39f4367db5ee46bd95',0.0300,'SPECIAL'),
('33bcaee9a6b1a5a5f5c0983c6d9ef3ff',1,'2021-07-30 07:52:32.484','admin','2021-07-30 07:52:32.484',NULL,NULL,NULL,'8aed6beb4253850163e0441bdd469289','a240a9798259f917f772ba6462b64b80',0.0300,'SPECIAL'),
('348b32b5dadb90b2f770b6dbe4456c41',1,'2021-07-30 07:52:24.426','admin','2021-07-30 07:52:24.426',NULL,NULL,NULL,'77dde9d9d25826a84da94fdaf7d96770','d8946f6fa6c0238dccbecc42bf201110',0.0100,'SPECIAL'),
('350aad12e9c1a413f30493576c67aa88',1,'2021-07-30 07:51:11.208','admin','2021-07-30 07:51:11.208',NULL,NULL,NULL,'26f591e192f4368340953efc58cad1c5','478e89973773943f48ca9cce286c1302',0.0300,'SPECIAL'),
('3595626e2df52b5f84e01224dde098ed',1,'2021-07-30 07:52:23.808','admin','2021-07-30 07:52:23.808',NULL,NULL,NULL,'77dde9d9d25826a84da94fdaf7d96770','d20de9d62253a5670e65761da1ca4340',0.0100,'GC'),
('35ad955d244d7060dd5c3927ea06415c',1,'2021-07-30 07:52:31.251','admin','2021-07-30 07:52:31.251',NULL,NULL,NULL,'8aed6beb4253850163e0441bdd469289','8749ebb1f7c070a0100ff07ba96d44c3',0.0100,'GC'),
('35dc4d118880eadac292cc2f1ac5619c',1,'2021-07-30 07:52:05.851','admin','2021-07-30 07:52:05.851',NULL,NULL,NULL,'5d93cef50e4c96045f1b42ed7d81433e','478e89973773943f48ca9cce286c1302',0.0000,'SPECIAL'),
('36a9466fbf2fd6fb4b626bb84f9af5e4',1,'2021-07-30 07:51:38.561','admin','2021-07-30 07:51:38.561',NULL,NULL,NULL,'3f5dac6754c4c7f9d215775c090a8a6c','bd28c750d8d9e0ad05437e5bcdaccabb',0.0100,'GC'),
('36fe3da4b897e47855c830946f741d04',1,'2021-07-30 07:51:13.699','admin','2021-07-30 07:51:13.699',NULL,NULL,NULL,'26f591e192f4368340953efc58cad1c5','bd28c750d8d9e0ad05437e5bcdaccabb',0.0100,'GC'),
('37bf5646fb4964cd75120c1aac0fdf00',1,'2021-07-30 07:51:25.517','admin','2021-07-30 07:51:25.517',NULL,NULL,NULL,'3171231018238781ad10b9bcef871d7c','0b677599bcd55acfed79dbc691bb8691',0.0050,'GC'),
('38e6e4ca43f0460af3d6bee131160a67',1,'2021-07-30 07:50:51.832','admin','2021-07-30 07:50:51.832',NULL,NULL,NULL,'01b158ace961d94c787b2e0edae1a90a','8749ebb1f7c070a0100ff07ba96d44c3',0.0300,'SPECIAL'),
('38f7526358bd3cae8643df14479a6361',1,'2021-07-30 07:52:49.812','admin','2021-07-30 07:52:49.812',NULL,NULL,NULL,'91598b467a05626c9ada0fea32809fbc','0b677599bcd55acfed79dbc691bb8691',0.0100,'SPECIAL'),
('3906e081aa3c370f124a38ec2dc8b86e',1,'2021-07-30 07:53:43.891','admin','2021-07-30 07:53:43.891',NULL,NULL,NULL,'e9b354594833e83432ac1f7210987da4','d8946f6fa6c0238dccbecc42bf201110',0.0050,'GC'),
('3954e65236195aeeed9b7b9f7b8b3166',1,'2021-07-30 07:52:44.858','admin','2021-07-30 07:52:44.858',NULL,NULL,NULL,'909048142dcd6c3f92e4582c4ab290f2','0b677599bcd55acfed79dbc691bb8691',0.0050,'GC'),
('39a299d0d687ceb580d00a8fd153decd',1,'2021-07-30 07:53:36.482','admin','2021-07-30 07:53:36.482',NULL,NULL,NULL,'e6e817ce5fda9bcb7cef55c5363ad22a','8a7afb4439a89f39f4367db5ee46bd95',0.0300,'SPECIAL'),
('3ae2f3ebeb74a9c6c7671a2d9876224d',1,'2021-07-30 07:52:37.430','admin','2021-07-30 07:52:37.430',NULL,NULL,NULL,'8eeefca3de94b12019342864be45d195','a240a9798259f917f772ba6462b64b80',0.0100,'GC'),
('3bb4251a62819cef5508d8e43073a50b',1,'2021-07-30 07:51:23.035','admin','2021-07-30 07:51:23.035',NULL,NULL,NULL,'2c4dd9fe30d2665c3f3a922c88024c3e','a240a9798259f917f772ba6462b64b80',0.0300,'SPECIAL'),
('3bcde6c8b8356f8393442d2d6867fad4',1,'2021-07-30 07:52:13.911','admin','2021-07-30 07:52:13.911',NULL,NULL,NULL,'649a6bf366141e3c20a772ff50cd7847','d20de9d62253a5670e65761da1ca4340',0.0300,'SPECIAL'),
('3c259f8d3231e16373ddff96d44b516c',1,'2021-07-30 07:52:27.545','admin','2021-07-30 07:52:27.545',NULL,NULL,NULL,'87a5ab40ae39dc26fc2eee810cb176fe','a240a9798259f917f772ba6462b64b80',0.0300,'SPECIAL'),
('3dd88619815457b21770855f613ff36d',1,'2021-07-30 07:52:41.763','admin','2021-07-30 07:52:41.763',NULL,NULL,NULL,'905df467979a98fcbff7837fb5a45692','8a7afb4439a89f39f4367db5ee46bd95',0.0300,'SPECIAL'),
('3ed46e21b662f0498189522527bf7366',1,'2021-07-30 07:53:48.211','admin','2021-07-30 07:53:48.211',NULL,NULL,NULL,'f3ffe3aa8b90a48fac60888f56d250fc','d20de9d62253a5670e65761da1ca4340',0.0200,'GC'),
('3f533e7647e44cb5f37708486f457e3e',1,'2021-07-30 07:51:12.455','admin','2021-07-30 07:51:12.455',NULL,NULL,NULL,'26f591e192f4368340953efc58cad1c5','8a7afb4439a89f39f4367db5ee46bd95',0.0100,'GC'),
('3faf935954aae163af1b97e9cff8821e',1,'2021-07-30 07:51:50.351','admin','2021-07-30 07:51:50.351',NULL,NULL,NULL,'4d76d4ff6fd63a4fc735c40af5eac77d','0b677599bcd55acfed79dbc691bb8691',0.0100,'SPECIAL'),
('3fc3750bd3ad82633d51954b9e5f8181',1,'2021-07-30 07:53:00.937','admin','2021-07-30 07:53:00.937',NULL,NULL,NULL,'96cd8e3d2bfc29a87df68d8675d26ad7','8749ebb1f7c070a0100ff07ba96d44c3',0.0300,'SPECIAL'),
('402981777cb6e46c155dd1afbd84bac2',1,'2021-07-30 07:52:25.662','admin','2021-07-30 07:52:25.662',NULL,NULL,NULL,'87a5ab40ae39dc26fc2eee810cb176fe','478e89973773943f48ca9cce286c1302',0.0300,'SPECIAL'),
('40786e20cc9f2d3d282b8583efa41518',1,'2021-07-30 07:52:15.769','admin','2021-07-30 07:52:15.769',NULL,NULL,NULL,'74e5c6499375dc5f71cf884ecca050e0','478e89973773943f48ca9cce286c1302',0.0075,'SPECIAL'),
('4175a2e5d449ebeaab3d23c4b2cdaecc',1,'2021-07-30 07:51:31.743','admin','2021-07-30 07:51:31.743',NULL,NULL,NULL,'34ce3e64408033d925bf7966c5902627','8749ebb1f7c070a0100ff07ba96d44c3',0.0300,'SPECIAL'),
('41f0864b9d827afa73380c263d94cd78',1,'2021-07-30 07:53:47.592','admin','2021-07-30 07:53:47.592',NULL,NULL,NULL,'f3ffe3aa8b90a48fac60888f56d250fc','bd28c750d8d9e0ad05437e5bcdaccabb',0.0300,'SPECIAL'),
('4272b66555b5993e80290f604d382641',1,'2021-07-30 07:52:04.615','admin','2021-07-30 07:52:04.615',NULL,NULL,NULL,'536aee73f635f790b11ed3a2634bdba1','d8946f6fa6c0238dccbecc42bf201110',0.0050,'GC'),
('42b3036582b656d76286649f7475d2ea',1,'2021-07-30 07:51:13.078','admin','2021-07-30 07:51:13.078',NULL,NULL,NULL,'26f591e192f4368340953efc58cad1c5','a240a9798259f917f772ba6462b64b80',0.0100,'GC'),
('43831a6717d50b33977d13944d37a530',1,'2021-07-30 07:51:39.803','admin','2021-07-30 07:51:39.803',NULL,NULL,NULL,'3f5dac6754c4c7f9d215775c090a8a6c','d8946f6fa6c0238dccbecc42bf201110',0.0100,'SPECIAL'),
('43a13ba0660597a52b5e45f6c96047fa',1,'2021-07-30 07:51:47.872','admin','2021-07-30 07:51:47.872',NULL,NULL,NULL,'487b3661eb8bd8ae6905d37f9884dcb2','a240a9798259f917f772ba6462b64b80',0.0300,'SPECIAL'),
('43dca609d2020d0eacb7326444800033',1,'2021-07-30 07:51:03.112','admin','2021-07-30 07:51:03.112',NULL,NULL,NULL,'227357c4b782206ca228328caead425b','a240a9798259f917f772ba6462b64b80',0.0100,'GC'),
('4434dbb72769d4ed5af061d2f884fba4',1,'2021-07-30 07:51:22.414','admin','2021-07-30 07:51:22.414',NULL,NULL,NULL,'2c4dd9fe30d2665c3f3a922c88024c3e','8a7afb4439a89f39f4367db5ee46bd95',0.0100,'GC'),
('460a18f71adce32cc5154e30a9aeb583',1,'2021-07-30 07:52:55.377','admin','2021-07-30 07:52:55.377',NULL,NULL,NULL,'94755bfc98eaddefe4f574adeac31c65','478e89973773943f48ca9cce286c1302',0.0050,'GC'),
('46bad8c0024424bbbb379e0d0324e7cf',1,'2021-07-30 07:53:27.221','admin','2021-07-30 07:53:27.221',NULL,NULL,NULL,'c499a8274951cdd8cac05e3c3b02630c','a240a9798259f917f772ba6462b64b80',0.0250,'SPECIAL'),
('479af5d676706658a8ab1da32749f312',1,'2021-07-30 07:53:02.791','admin','2021-07-30 07:53:02.791',NULL,NULL,NULL,'96cd8e3d2bfc29a87df68d8675d26ad7','bd28c750d8d9e0ad05437e5bcdaccabb',0.0300,'SPECIAL'),
('47abdf8f9c704fbf7ae99678c6df31b0',1,'2021-07-30 07:51:21.795','admin','2021-07-30 07:51:21.795',NULL,NULL,NULL,'2c4dd9fe30d2665c3f3a922c88024c3e','8749ebb1f7c070a0100ff07ba96d44c3',0.0300,'SPECIAL'),
('480f5cccf5acb4a63ade8729cf8aa3eb',1,'2021-07-30 07:51:44.772','admin','2021-07-30 07:51:44.772',NULL,NULL,NULL,'416faa810d11af0c912804502c20bdd6','d8946f6fa6c0238dccbecc42bf201110',0.0100,'GC'),
('4904ae865b44ec8980b9fd51fbbf4b04',1,'2021-07-30 07:52:55.377','admin','2021-07-30 07:52:55.377',NULL,NULL,NULL,'94755bfc98eaddefe4f574adeac31c65','478e89973773943f48ca9cce286c1302',0.0300,'SPECIAL'),
('492d27747f6edc6e60ec9687f7f700a8',1,'2021-07-30 07:51:55.925','admin','2021-07-30 07:51:55.925',NULL,NULL,NULL,'5247896d22ff87120c997c7639909bd9','478e89973773943f48ca9cce286c1302',0.0300,'SPECIAL'),
('493c7057cd2f1d910e590a4a024e1620',1,'2021-07-30 07:51:59.658','admin','2021-07-30 07:51:59.658',NULL,NULL,NULL,'5247896d22ff87120c997c7639909bd9','d8946f6fa6c0238dccbecc42bf201110',0.0050,'GC'),
('49b77039b6438579b9f6394dccdfc4f8',1,'2021-07-30 07:51:46.011','admin','2021-07-30 07:51:46.011',NULL,NULL,NULL,'487b3661eb8bd8ae6905d37f9884dcb2','478e89973773943f48ca9cce286c1302',0.0050,'GC'),
('4a39b687711915c51b1a214efbdfe4ee',1,'2021-07-30 07:50:56.850','admin','2021-07-30 07:50:56.850',NULL,NULL,NULL,'1169999cbaf8348f64ca1686d80a6d6f','8749ebb1f7c070a0100ff07ba96d44c3',0.0000,'SPECIAL'),
('4b11e5ebbe55f2d002382aa180861074',1,'2021-07-30 07:53:37.713','admin','2021-07-30 07:53:37.713',NULL,NULL,NULL,'e6e817ce5fda9bcb7cef55c5363ad22a','bd28c750d8d9e0ad05437e5bcdaccabb',0.0300,'SPECIAL'),
('4b8fa2d871323af0e69658ad2a30d0d2',1,'2021-07-30 07:52:39.288','admin','2021-07-30 07:52:39.288',NULL,NULL,NULL,'8eeefca3de94b12019342864be45d195','d8946f6fa6c0238dccbecc42bf201110',0.0100,'SPECIAL'),
('4bdb72d744aa87cfba3f5569ca253059',1,'2021-07-30 07:53:06.499','admin','2021-07-30 07:53:06.499',NULL,NULL,NULL,'9e7e857dec7fd74ec6241718fcb479d4','8a7afb4439a89f39f4367db5ee46bd95',0.0100,'GC'),
('4c0bd325131fd463ad7c57d4093e232f',1,'2021-07-30 07:52:35.574','admin','2021-07-30 07:52:35.574',NULL,NULL,NULL,'8eeefca3de94b12019342864be45d195','478e89973773943f48ca9cce286c1302',0.0050,'GC'),
('4c57e7273a7a5d62efe9850d00108bc0',1,'2021-07-30 07:50:53.091','admin','2021-07-30 07:50:53.091',NULL,NULL,NULL,'01b158ace961d94c787b2e0edae1a90a','a240a9798259f917f772ba6462b64b80',0.0300,'SPECIAL'),
('4c8b8df90005e4c75b8e823cb6fbdb8a',1,'2021-07-30 07:51:33.600','admin','2021-07-30 07:51:33.600',NULL,NULL,NULL,'34ce3e64408033d925bf7966c5902627','bd28c750d8d9e0ad05437e5bcdaccabb',0.0100,'GC'),
('4cd224c34de6995d0f97131061d1457b',1,'2021-07-30 07:52:11.431','admin','2021-07-30 07:52:11.431',NULL,NULL,NULL,'649a6bf366141e3c20a772ff50cd7847','8749ebb1f7c070a0100ff07ba96d44c3',0.0100,'GC'),
('4df0b4b2c27bce5eb6070bce39574d59',1,'2021-07-30 07:53:07.122','admin','2021-07-30 07:53:07.122',NULL,NULL,NULL,'9e7e857dec7fd74ec6241718fcb479d4','a240a9798259f917f772ba6462b64b80',0.0100,'GC'),
('4e0a5eba2063104f16da473e1a03d874',1,'2021-07-30 07:52:25.661','admin','2021-07-30 07:52:25.661',NULL,NULL,NULL,'87a5ab40ae39dc26fc2eee810cb176fe','478e89973773943f48ca9cce286c1302',0.0100,'GC'),
('4e8e2f6fa00eba114873e1d5795df018',1,'2021-07-30 07:51:04.363','admin','2021-07-30 07:51:04.363',NULL,NULL,NULL,'227357c4b782206ca228328caead425b','d20de9d62253a5670e65761da1ca4340',0.0300,'SPECIAL'),
('50ad348e0469bacb4f8f35b7f0133fae',1,'2021-07-30 07:52:55.996','admin','2021-07-30 07:52:55.996',NULL,NULL,NULL,'94755bfc98eaddefe4f574adeac31c65','8749ebb1f7c070a0100ff07ba96d44c3',0.0100,'GC'),
('5221820aadfbcac578c5bef97d9205ef',1,'2021-07-30 07:53:42.659','admin','2021-07-30 07:53:42.659',NULL,NULL,NULL,'e9b354594833e83432ac1f7210987da4','bd28c750d8d9e0ad05437e5bcdaccabb',0.0100,'GC'),
('5299faed053db7222ea44621790b99eb',1,'2021-07-30 07:51:03.112','admin','2021-07-30 07:51:03.112',NULL,NULL,NULL,'227357c4b782206ca228328caead425b','a240a9798259f917f772ba6462b64b80',0.0300,'SPECIAL'),
('52e2e6e5d192c3c36e71c2d5a0f732ba',1,'2021-07-30 07:50:58.099','admin','2021-07-30 07:50:58.099',NULL,NULL,NULL,'1169999cbaf8348f64ca1686d80a6d6f','a240a9798259f917f772ba6462b64b80',0.0000,'SPECIAL'),
('538b4a60d7a090d195dcc0cfef537177',1,'2021-07-30 07:51:16.813','admin','2021-07-30 07:51:16.813',NULL,NULL,NULL,'29db1ef3659eb96ccdf6bf1e76ccef66','8749ebb1f7c070a0100ff07ba96d44c3',0.0100,'GC'),
('55110f299e8682d1d4d78b89cbc73bb3',1,'2021-07-30 07:51:05.613','admin','2021-07-30 07:51:05.613',NULL,NULL,NULL,'232c128b684b32e096b1bae13e20904c','0b677599bcd55acfed79dbc691bb8691',0.0100,'SPECIAL'),
('55229ffb7d336777545211409baad2a4',1,'2021-07-30 07:52:23.808','admin','2021-07-30 07:52:23.808',NULL,NULL,NULL,'77dde9d9d25826a84da94fdaf7d96770','d20de9d62253a5670e65761da1ca4340',0.0300,'SPECIAL'),
('55ed3291d45f8f64b8b0ebf3451a0f8d',1,'2021-07-30 07:51:21.166','admin','2021-07-30 07:51:21.166',NULL,NULL,NULL,'2c4dd9fe30d2665c3f3a922c88024c3e','478e89973773943f48ca9cce286c1302',0.0050,'GC'),
('561573ded4bc0a1c672e24ee3e86b926',1,'2021-07-30 07:51:52.213','admin','2021-07-30 07:51:52.213',NULL,NULL,NULL,'4d76d4ff6fd63a4fc735c40af5eac77d','8a7afb4439a89f39f4367db5ee46bd95',0.0300,'SPECIAL'),
('56ece4d70e6bbfde1fc8fa442cdcd6a7',1,'2021-07-30 07:51:28.634','admin','2021-07-30 07:51:28.634',NULL,NULL,NULL,'3171231018238781ad10b9bcef871d7c','bd28c750d8d9e0ad05437e5bcdaccabb',0.0300,'SPECIAL'),
('577a60a5e1ebd51befd8c44a1d5eead8',1,'2021-07-30 07:51:32.363','admin','2021-07-30 07:51:32.363',NULL,NULL,NULL,'34ce3e64408033d925bf7966c5902627','8a7afb4439a89f39f4367db5ee46bd95',0.0300,'SPECIAL'),
('57ea51cef85be9a65699d1dc037d0005',1,'2021-07-30 07:53:13.002','admin','2021-07-30 07:53:13.002',NULL,NULL,NULL,'a08a08cf170dc5d8e659104aaf5dda4a','bd28c750d8d9e0ad05437e5bcdaccabb',0.0100,'GC'),
('581b14611e5d6cb6716ab3b860423af8',1,'2021-07-30 07:51:45.391','admin','2021-07-30 07:51:45.391',NULL,NULL,NULL,'487b3661eb8bd8ae6905d37f9884dcb2','0b677599bcd55acfed79dbc691bb8691',0.0100,'SPECIAL'),
('58917cbbf2e63f9556b3e59f5a1708a6',1,'2021-07-30 07:53:13.620','admin','2021-07-30 07:53:13.620',NULL,NULL,NULL,'a08a08cf170dc5d8e659104aaf5dda4a','d20de9d62253a5670e65761da1ca4340',0.0100,'GC'),
('58bbf6d5300b2350f15549a37f81c6e5',1,'2021-07-30 07:51:22.414','admin','2021-07-30 07:51:22.414',NULL,NULL,NULL,'2c4dd9fe30d2665c3f3a922c88024c3e','8a7afb4439a89f39f4367db5ee46bd95',0.0300,'SPECIAL'),
('58f321b5b8be1c56724f077381948c43',1,'2021-07-30 07:53:14.858','admin','2021-07-30 07:53:14.858',NULL,NULL,NULL,'a8f50506845e63f40f4362ab32b281eb','0b677599bcd55acfed79dbc691bb8691',0.0100,'SPECIAL'),
('5957f70cf09d785b7cbefbbf880fb61b',1,'2021-07-30 07:52:38.667','admin','2021-07-30 07:52:38.667',NULL,NULL,NULL,'8eeefca3de94b12019342864be45d195','d20de9d62253a5670e65761da1ca4340',0.0300,'SPECIAL'),
('59c16fc765cb7ab6f1137fbbc58cb1e9',1,'2021-07-30 07:53:27.220','admin','2021-07-30 07:53:27.220',NULL,NULL,NULL,'c499a8274951cdd8cac05e3c3b02630c','a240a9798259f917f772ba6462b64b80',0.0075,'GC'),
('5a67ef42c6fc9747038eeea122bbd651',1,'2021-07-30 07:51:28.633','admin','2021-07-30 07:51:28.633',NULL,NULL,NULL,'3171231018238781ad10b9bcef871d7c','bd28c750d8d9e0ad05437e5bcdaccabb',0.0100,'GC'),
('5a74db9619270a48784ac6b2a20b9583',1,'2021-07-30 07:53:01.553','admin','2021-07-30 07:53:01.553',NULL,NULL,NULL,'96cd8e3d2bfc29a87df68d8675d26ad7','8a7afb4439a89f39f4367db5ee46bd95',0.0300,'SPECIAL'),
('5aaf635c71dfeadd379457738f16610c',1,'2021-07-30 07:51:09.962','admin','2021-07-30 07:51:09.962',NULL,NULL,NULL,'232c128b684b32e096b1bae13e20904c','d8946f6fa6c0238dccbecc42bf201110',0.0100,'SPECIAL'),
('5ab1a18e3e6138bc4c627b38069eaad7',1,'2021-07-30 07:51:05.612','admin','2021-07-30 07:51:05.612',NULL,NULL,NULL,'232c128b684b32e096b1bae13e20904c','0b677599bcd55acfed79dbc691bb8691',0.0050,'GC'),
('5ab7497d7d0cc289bb6282d0a97171f8',1,'2021-07-30 07:52:53.519','admin','2021-07-30 07:52:53.519',NULL,NULL,NULL,'91598b467a05626c9ada0fea32809fbc','d20de9d62253a5670e65761da1ca4340',0.0100,'SPECIAL'),
('5acbed1ebce92e50b340acf2efc01766',1,'2021-07-30 07:51:01.864','admin','2021-07-30 07:51:01.864',NULL,NULL,NULL,'227357c4b782206ca228328caead425b','8749ebb1f7c070a0100ff07ba96d44c3',0.0300,'SPECIAL'),
('5ad74ed3dfa4f287cdfadfedca023e15',1,'2021-07-30 07:51:55.306','admin','2021-07-30 07:51:55.306',NULL,NULL,NULL,'5247896d22ff87120c997c7639909bd9','0b677599bcd55acfed79dbc691bb8691',0.0050,'GC'),
('5c948cb156f46697527c9a8baa4c4da1',1,'2021-07-30 07:52:08.328','admin','2021-07-30 07:52:08.328',NULL,NULL,NULL,'5d93cef50e4c96045f1b42ed7d81433e','bd28c750d8d9e0ad05437e5bcdaccabb',0.0000,'GC'),
('5ce610dee7e4a090458f136c800de2e0',1,'2021-07-30 07:53:32.168','admin','2021-07-30 07:53:32.168',NULL,NULL,NULL,'d2418e84b4448d274869ad29a8ffdc74','a240a9798259f917f772ba6462b64b80',0.0100,'GC'),
('5d53cdef83627f4bb74a2d218088d371',1,'2021-07-30 07:53:08.979','admin','2021-07-30 07:53:08.979',NULL,NULL,NULL,'9e7e857dec7fd74ec6241718fcb479d4','d8946f6fa6c0238dccbecc42bf201110',0.0100,'SPECIAL'),
('5d79540f39e20cccbba6855f6a91fde8',1,'2021-07-30 07:52:30.634','admin','2021-07-30 07:52:30.634',NULL,NULL,NULL,'8aed6beb4253850163e0441bdd469289','478e89973773943f48ca9cce286c1302',0.0300,'SPECIAL'),
('5dab7cb4d19cd8828edbdc704a98c7d6',1,'2021-07-30 07:51:57.784','admin','2021-07-30 07:51:57.784',NULL,NULL,NULL,'5247896d22ff87120c997c7639909bd9','a240a9798259f917f772ba6462b64b80',0.0100,'GC'),
('5e0f3263986ffdbc1960628ce5f62d89',1,'2021-07-30 07:53:11.765','admin','2021-07-30 07:53:11.765',NULL,NULL,NULL,'a08a08cf170dc5d8e659104aaf5dda4a','8a7afb4439a89f39f4367db5ee46bd95',0.0100,'GC'),
('5e1fdb717f28b05232675ec42ee2be41',1,'2021-07-30 07:51:45.391','admin','2021-07-30 07:51:45.391',NULL,NULL,NULL,'487b3661eb8bd8ae6905d37f9884dcb2','0b677599bcd55acfed79dbc691bb8691',0.0050,'GC'),
('5e4d7a9c099b5c1148a9616fc391b4db',1,'2021-07-30 07:53:26.604','admin','2021-07-30 07:53:26.604',NULL,NULL,NULL,'c499a8274951cdd8cac05e3c3b02630c','8a7afb4439a89f39f4367db5ee46bd95',0.0250,'SPECIAL'),
('5e6a9bf471eacb29b86e3261597416a8',1,'2021-07-30 07:53:40.801','admin','2021-07-30 07:53:40.801',NULL,NULL,NULL,'e9b354594833e83432ac1f7210987da4','8749ebb1f7c070a0100ff07ba96d44c3',0.0300,'SPECIAL'),
('5f39f1925039d432d62ecd0c8870093d',1,'2021-07-30 07:52:35.574','admin','2021-07-30 07:52:35.574',NULL,NULL,NULL,'8eeefca3de94b12019342864be45d195','478e89973773943f48ca9cce286c1302',0.0300,'SPECIAL'),
('5f59e0ed4bac92ce4ed96b702f96d366',1,'2021-07-30 07:51:01.237','admin','2021-07-30 07:51:01.237',NULL,NULL,NULL,'227357c4b782206ca228328caead425b','478e89973773943f48ca9cce286c1302',0.0050,'GC'),
('5f5e4a0b51b2fd70b3daad89f5850c8d',1,'2021-07-30 07:52:07.090','admin','2021-07-30 07:52:07.090',NULL,NULL,NULL,'5d93cef50e4c96045f1b42ed7d81433e','8a7afb4439a89f39f4367db5ee46bd95',0.0000,'SPECIAL'),
('5f5f63a9e0e5c4e900e96e3e9c74f3a7',1,'2021-07-30 07:52:02.761','admin','2021-07-30 07:52:02.761',NULL,NULL,NULL,'536aee73f635f790b11ed3a2634bdba1','a240a9798259f917f772ba6462b64b80',0.0300,'SPECIAL'),
('5fc090a75ba6219dc06bf2aca1882e4b',1,'2021-07-30 07:53:23.519','admin','2021-07-30 07:53:23.519',NULL,NULL,NULL,'baf686dc1da13eb4d2f52177a3dd2dbc','d20de9d62253a5670e65761da1ca4340',0.0300,'SPECIAL'),
('60041f06c78e0e682b2a8843bd5a6efb',1,'2021-07-30 07:50:54.347','admin','2021-07-30 07:50:54.347',NULL,NULL,NULL,'01b158ace961d94c787b2e0edae1a90a','d20de9d62253a5670e65761da1ca4340',0.0050,'GC'),
('602d12dd636c897c7b6dcd0df35396f4',1,'2021-07-30 07:53:22.895','admin','2021-07-30 07:53:22.895',NULL,NULL,NULL,'baf686dc1da13eb4d2f52177a3dd2dbc','bd28c750d8d9e0ad05437e5bcdaccabb',0.0300,'SPECIAL'),
('6050624e21a9ae1193d736d2ac058be4',1,'2021-07-30 07:51:39.182','admin','2021-07-30 07:51:39.182',NULL,NULL,NULL,'3f5dac6754c4c7f9d215775c090a8a6c','d20de9d62253a5670e65761da1ca4340',0.0100,'GC'),
('61eb30bbf0bdb6f51aa082ce7ad06109',1,'2021-07-30 07:52:30.634','admin','2021-07-30 07:52:30.634',NULL,NULL,NULL,'8aed6beb4253850163e0441bdd469289','478e89973773943f48ca9cce286c1302',0.0050,'GC'),
('623813af1a3f12792e3a8884e0d7f7a8',1,'2021-07-30 07:51:13.699','admin','2021-07-30 07:51:13.699',NULL,NULL,NULL,'26f591e192f4368340953efc58cad1c5','bd28c750d8d9e0ad05437e5bcdaccabb',0.0300,'SPECIAL'),
('628fc4525242ab3f12c0f9f865113ba8',1,'2021-07-30 07:51:59.027','admin','2021-07-30 07:51:59.027',NULL,NULL,NULL,'5247896d22ff87120c997c7639909bd9','d20de9d62253a5670e65761da1ca4340',0.0100,'GC'),
('63167612e62023afeadc2f840e6ccc03',1,'2021-07-30 07:53:22.278','admin','2021-07-30 07:53:22.278',NULL,NULL,NULL,'baf686dc1da13eb4d2f52177a3dd2dbc','a240a9798259f917f772ba6462b64b80',0.0100,'GC'),
('63c597efb345650ba2d062f985ce79f4',1,'2021-07-30 07:52:09.567','admin','2021-07-30 07:52:09.567',NULL,NULL,NULL,'5d93cef50e4c96045f1b42ed7d81433e','d8946f6fa6c0238dccbecc42bf201110',0.0000,'GC'),
('63d2354a86be517f7ae4f769b8c59f1a',1,'2021-07-30 07:52:43.004','admin','2021-07-30 07:52:43.004',NULL,NULL,NULL,'905df467979a98fcbff7837fb5a45692','bd28c750d8d9e0ad05437e5bcdaccabb',0.0300,'SPECIAL'),
('640e5d55d33e594901731bdaf865b3d3',1,'2021-07-30 07:53:40.185','admin','2021-07-30 07:53:40.185',NULL,NULL,NULL,'e9b354594833e83432ac1f7210987da4','478e89973773943f48ca9cce286c1302',0.0300,'SPECIAL'),
('642143201b2e142dff0e2689679661be',1,'2021-07-30 07:52:19.487','admin','2021-07-30 07:52:19.487',NULL,NULL,NULL,'74e5c6499375dc5f71cf884ecca050e0','d8946f6fa6c0238dccbecc42bf201110',0.0075,'SPECIAL'),
('6422b26de370af0c578fb32930df432b',1,'2021-07-30 07:51:19.924','admin','2021-07-30 07:51:19.924',NULL,NULL,NULL,'29db1ef3659eb96ccdf6bf1e76ccef66','d8946f6fa6c0238dccbecc42bf201110',0.0050,'GC'),
('648e74fc52d3fd14a037aff167901666',1,'2021-07-30 07:51:33.600','admin','2021-07-30 07:51:33.600',NULL,NULL,NULL,'34ce3e64408033d925bf7966c5902627','bd28c750d8d9e0ad05437e5bcdaccabb',0.0300,'SPECIAL'),
('64c616d28e65e151aa5ada0b2c42876a',1,'2021-07-30 07:53:37.097','admin','2021-07-30 07:53:37.097',NULL,NULL,NULL,'e6e817ce5fda9bcb7cef55c5363ad22a','a240a9798259f917f772ba6462b64b80',0.0100,'GC'),
('654acd21455f8ce517f0076d6372b8a8',1,'2021-07-30 07:53:04.025','admin','2021-07-30 07:53:04.025',NULL,NULL,NULL,'96cd8e3d2bfc29a87df68d8675d26ad7','d8946f6fa6c0238dccbecc42bf201110',0.0050,'GC'),
('659b744c61fac13f57f38c8f0fcbcb23',1,'2021-07-30 07:53:31.551','admin','2021-07-30 07:53:31.551',NULL,NULL,NULL,'d2418e84b4448d274869ad29a8ffdc74','8a7afb4439a89f39f4367db5ee46bd95',0.0100,'GC'),
('65c742e52b176fc36d5ce4808357a370',1,'2021-07-30 07:51:37.321','admin','2021-07-30 07:51:37.321',NULL,NULL,NULL,'3f5dac6754c4c7f9d215775c090a8a6c','8a7afb4439a89f39f4367db5ee46bd95',0.0100,'GC'),
('65febd57abbd43125f747c5de272685f',1,'2021-07-30 07:52:48.566','admin','2021-07-30 07:52:48.566',NULL,NULL,NULL,'909048142dcd6c3f92e4582c4ab290f2','d20de9d62253a5670e65761da1ca4340',0.0300,'SPECIAL'),
('65ff1e7546ba09c6c74adc2808e2ca0d',1,'2021-07-30 07:53:00.320','admin','2021-07-30 07:53:00.320',NULL,NULL,NULL,'96cd8e3d2bfc29a87df68d8675d26ad7','478e89973773943f48ca9cce286c1302',0.0050,'GC'),
('66188d2daed5cbea74028b690fe75624',1,'2021-07-30 07:52:38.049','admin','2021-07-30 07:52:38.049',NULL,NULL,NULL,'8eeefca3de94b12019342864be45d195','bd28c750d8d9e0ad05437e5bcdaccabb',0.0100,'GC'),
('662ecc9ee659396063348b22b01c9570',1,'2021-07-30 07:50:59.987','admin','2021-07-30 07:50:59.987',NULL,NULL,NULL,'1169999cbaf8348f64ca1686d80a6d6f','d8946f6fa6c0238dccbecc42bf201110',0.0000,'SPECIAL'),
('667680d9e5bde135ac98630f4efd5d74',1,'2021-07-30 07:53:10.529','admin','2021-07-30 07:53:10.529',NULL,NULL,NULL,'a08a08cf170dc5d8e659104aaf5dda4a','478e89973773943f48ca9cce286c1302',0.0050,'GC'),
('6716a8e2e82dd2df0ac51e4b7fed9aa9',1,'2021-07-30 07:53:43.276','admin','2021-07-30 07:53:43.276',NULL,NULL,NULL,'e9b354594833e83432ac1f7210987da4','d20de9d62253a5670e65761da1ca4340',0.0300,'SPECIAL'),
('67180d4074c39d45a8b7b279669de715',1,'2021-07-30 07:52:37.430','admin','2021-07-30 07:52:37.430',NULL,NULL,NULL,'8eeefca3de94b12019342864be45d195','a240a9798259f917f772ba6462b64b80',0.0300,'SPECIAL'),
('6718248826cffde9bc545972db4f1e59',1,'2021-07-30 07:51:18.058','admin','2021-07-30 07:51:18.058',NULL,NULL,NULL,'29db1ef3659eb96ccdf6bf1e76ccef66','a240a9798259f917f772ba6462b64b80',0.0100,'GC'),
('672330bba91b5afc156fbaf01d641ab3',1,'2021-07-30 07:51:00.614','admin','2021-07-30 07:51:00.614',NULL,NULL,NULL,'227357c4b782206ca228328caead425b','0b677599bcd55acfed79dbc691bb8691',0.0100,'SPECIAL'),
('673874d9a7c511f6c5686ffbb09339eb',1,'2021-07-30 07:51:31.743','admin','2021-07-30 07:51:31.743',NULL,NULL,NULL,'34ce3e64408033d925bf7966c5902627','8749ebb1f7c070a0100ff07ba96d44c3',0.0100,'GC'),
('696fc07da6e25713daba8224f3937bec',1,'2021-07-30 07:52:48.566','admin','2021-07-30 07:52:48.566',NULL,NULL,NULL,'909048142dcd6c3f92e4582c4ab290f2','d20de9d62253a5670e65761da1ca4340',0.0100,'GC'),
('6974fe182705c1975c419922a819717f',1,'2021-07-30 07:52:58.469','admin','2021-07-30 07:52:58.469',NULL,NULL,NULL,'94755bfc98eaddefe4f574adeac31c65','d20de9d62253a5670e65761da1ca4340',0.0100,'GC'),
('6aa107925996eef7c4ac7111ed1d4aa7',1,'2021-07-30 07:51:29.880','admin','2021-07-30 07:51:29.880',NULL,NULL,NULL,'3171231018238781ad10b9bcef871d7c','d8946f6fa6c0238dccbecc42bf201110',0.0100,'SPECIAL'),
('6ab82e6fc829f3a112a32a89f913b421',1,'2021-07-30 07:50:54.975','admin','2021-07-30 07:50:54.975',NULL,NULL,NULL,'01b158ace961d94c787b2e0edae1a90a','d8946f6fa6c0238dccbecc42bf201110',0.0050,'GC'),
('6aeb272634977bdcc37d0c9cee4640d8',1,'2021-07-30 07:53:28.455','admin','2021-07-30 07:53:28.455',NULL,NULL,NULL,'c499a8274951cdd8cac05e3c3b02630c','d20de9d62253a5670e65761da1ca4340',0.0250,'SPECIAL'),
('6b1c1718e4746a6eabffa054596fe9a5',1,'2021-07-30 07:53:34.634','admin','2021-07-30 07:53:34.634',NULL,NULL,NULL,'e6e817ce5fda9bcb7cef55c5363ad22a','0b677599bcd55acfed79dbc691bb8691',0.0100,'GC'),
('6b9ee4dd7298359f152ef23616d1d7cf',1,'2021-07-30 07:51:46.634','admin','2021-07-30 07:51:46.634',NULL,NULL,NULL,'487b3661eb8bd8ae6905d37f9884dcb2','8749ebb1f7c070a0100ff07ba96d44c3',0.0300,'SPECIAL'),
('6bdeae7d9c1d9cfebcb5e50c55d025dd',1,'2021-07-30 07:53:16.096','admin','2021-07-30 07:53:16.096',NULL,NULL,NULL,'a8f50506845e63f40f4362ab32b281eb','8749ebb1f7c070a0100ff07ba96d44c3',0.0100,'GC'),
('6bfcd7ed0bb5935688650d6849606c27',1,'2021-07-30 07:52:44.241','admin','2021-07-30 07:52:44.241',NULL,NULL,NULL,'905df467979a98fcbff7837fb5a45692','d8946f6fa6c0238dccbecc42bf201110',0.0100,'SPECIAL'),
('6d53b41e1d6026e9aa7e3031b3a40a76',1,'2021-07-30 07:53:13.003','admin','2021-07-30 07:53:13.003',NULL,NULL,NULL,'a08a08cf170dc5d8e659104aaf5dda4a','bd28c750d8d9e0ad05437e5bcdaccabb',0.0300,'SPECIAL'),
('6d570b41e30608cbc4a992a7b05c785f',1,'2021-07-30 07:53:45.127','admin','2021-07-30 07:53:45.127',NULL,NULL,NULL,'f3ffe3aa8b90a48fac60888f56d250fc','478e89973773943f48ca9cce286c1302',0.0050,'GC'),
('6d6a36edcbd6a3a84c7d32de2bbd4bbc',1,'2021-07-30 07:52:56.621','admin','2021-07-30 07:52:56.621',NULL,NULL,NULL,'94755bfc98eaddefe4f574adeac31c65','8a7afb4439a89f39f4367db5ee46bd95',0.0100,'GC'),
('6daf8c53c71460f72428d5d9e19615e3',1,'2021-07-30 07:52:10.187','admin','2021-07-30 07:52:10.187',NULL,NULL,NULL,'649a6bf366141e3c20a772ff50cd7847','0b677599bcd55acfed79dbc691bb8691',0.0050,'GC'),
('6e27ea909bcc497530064a1825640373',1,'2021-07-30 07:53:04.644','admin','2021-07-30 07:53:04.644',NULL,NULL,NULL,'9e7e857dec7fd74ec6241718fcb479d4','0b677599bcd55acfed79dbc691bb8691',0.0050,'GC'),
('6ea6d30f7481675d547aaf1943889a71',1,'2021-07-30 07:52:47.949','admin','2021-07-30 07:52:47.949',NULL,NULL,NULL,'909048142dcd6c3f92e4582c4ab290f2','bd28c750d8d9e0ad05437e5bcdaccabb',0.0100,'GC'),
('6eb24a1b752bbd278065bcb6007f3bcd',1,'2021-07-30 07:51:02.490','admin','2021-07-30 07:51:02.490',NULL,NULL,NULL,'227357c4b782206ca228328caead425b','8a7afb4439a89f39f4367db5ee46bd95',0.0300,'SPECIAL'),
('6ed6beb5dc7f506ba26cbeaa9769abd8',1,'2021-07-30 07:51:26.760','admin','2021-07-30 07:51:26.760',NULL,NULL,NULL,'3171231018238781ad10b9bcef871d7c','8749ebb1f7c070a0100ff07ba96d44c3',0.0300,'SPECIAL'),
('703bca0c985e5709818b64898e7fc6e9',1,'2021-07-30 07:51:06.234','admin','2021-07-30 07:51:06.234',NULL,NULL,NULL,'232c128b684b32e096b1bae13e20904c','478e89973773943f48ca9cce286c1302',0.0300,'SPECIAL'),
('70959585a2df79a98f95f7ef46644a5f',1,'2021-07-30 07:53:21.663','admin','2021-07-30 07:53:21.663',NULL,NULL,NULL,'baf686dc1da13eb4d2f52177a3dd2dbc','8a7afb4439a89f39f4367db5ee46bd95',0.0100,'GC'),
('71001c548e14247b52ee13fa2788b236',1,'2021-07-30 07:50:53.091','admin','2021-07-30 07:50:53.091',NULL,NULL,NULL,'01b158ace961d94c787b2e0edae1a90a','a240a9798259f917f772ba6462b64b80',0.0050,'GC'),
('716dcfec92966fc66f5ecad3fecf6aa8',1,'2021-07-30 07:53:18.570','admin','2021-07-30 07:53:18.570',NULL,NULL,NULL,'a8f50506845e63f40f4362ab32b281eb','d20de9d62253a5670e65761da1ca4340',0.0300,'SPECIAL'),
('71ac0e829d2629c0d7163d6f5226dc63',1,'2021-07-30 07:52:28.782','admin','2021-07-30 07:52:28.782',NULL,NULL,NULL,'87a5ab40ae39dc26fc2eee810cb176fe','d20de9d62253a5670e65761da1ca4340',0.0300,'SPECIAL'),
('71d4fb0180047cb95ba3aba681ebf318',1,'2021-07-30 07:53:29.081','admin','2021-07-30 07:53:29.081',NULL,NULL,NULL,'c499a8274951cdd8cac05e3c3b02630c','d8946f6fa6c0238dccbecc42bf201110',0.0075,'SPECIAL'),
('72d70212f7bb417ad6fb70cddbc4a92a',1,'2021-07-30 07:52:50.430','admin','2021-07-30 07:52:50.430',NULL,NULL,NULL,'91598b467a05626c9ada0fea32809fbc','478e89973773943f48ca9cce286c1302',0.0100,'GC'),
('72f2104a3f0b8eeac7db91c384f4954c',1,'2021-07-30 07:51:11.832','admin','2021-07-30 07:51:11.832',NULL,NULL,NULL,'26f591e192f4368340953efc58cad1c5','8749ebb1f7c070a0100ff07ba96d44c3',0.0100,'GC'),
('7365ccb9ed6615bf5f11f96fba0ebe0f',1,'2021-07-30 07:51:11.208','admin','2021-07-30 07:51:11.208',NULL,NULL,NULL,'26f591e192f4368340953efc58cad1c5','478e89973773943f48ca9cce286c1302',0.0100,'GC'),
('7382ab9b18cb0d401b22edd08b0e7091',1,'2021-07-30 07:51:42.294','admin','2021-07-30 07:51:42.294',NULL,NULL,NULL,'416faa810d11af0c912804502c20bdd6','8a7afb4439a89f39f4367db5ee46bd95',0.0300,'SPECIAL'),
('73bef5429d01f005c84e81630ab9e427',1,'2021-07-30 07:51:08.097','admin','2021-07-30 07:51:08.097',NULL,NULL,NULL,'232c128b684b32e096b1bae13e20904c','a240a9798259f917f772ba6462b64b80',0.0100,'GC'),
('748992780deca1fe5d500663512219ab',1,'2021-07-30 07:53:11.145','admin','2021-07-30 07:53:11.145',NULL,NULL,NULL,'a08a08cf170dc5d8e659104aaf5dda4a','8749ebb1f7c070a0100ff07ba96d44c3',0.0100,'GC'),
('74b8d05f81c0854d4b0606ed008e360a',1,'2021-07-30 07:52:47.331','admin','2021-07-30 07:52:47.331',NULL,NULL,NULL,'909048142dcd6c3f92e4582c4ab290f2','a240a9798259f917f772ba6462b64b80',0.0300,'SPECIAL'),
('74c57e53be93f9ccb49cbff3e5c8459e',1,'2021-07-30 07:50:51.204','admin','2021-07-30 07:50:51.204',NULL,NULL,NULL,'01b158ace961d94c787b2e0edae1a90a','478e89973773943f48ca9cce286c1302',0.0300,'SPECIAL'),
('75f8593bab2d9ea6d096c0071c2bff95',1,'2021-07-30 07:52:29.398','admin','2021-07-30 07:52:29.398',NULL,NULL,NULL,'87a5ab40ae39dc26fc2eee810cb176fe','d8946f6fa6c0238dccbecc42bf201110',0.0300,'SPECIAL'),
('76d66d8b48a045d7cf7de42f885e7d6c',1,'2021-07-30 07:52:30.015','admin','2021-07-30 07:52:30.015',NULL,NULL,NULL,'8aed6beb4253850163e0441bdd469289','0b677599bcd55acfed79dbc691bb8691',0.0050,'GC'),
('77bc34f076950382f8682edcd0f532de',1,'2021-07-30 07:52:34.957','admin','2021-07-30 07:52:34.957',NULL,NULL,NULL,'8eeefca3de94b12019342864be45d195','0b677599bcd55acfed79dbc691bb8691',0.0100,'SPECIAL'),
('781d8213f3a9bbfcd52ce083c2d27f39',1,'2021-07-30 07:52:13.291','admin','2021-07-30 07:52:13.291',NULL,NULL,NULL,'649a6bf366141e3c20a772ff50cd7847','bd28c750d8d9e0ad05437e5bcdaccabb',0.0300,'SPECIAL'),
('794021cc6f4b31928b0d387d95e1b526',1,'2021-07-30 07:52:26.281','admin','2021-07-30 07:52:26.281',NULL,NULL,NULL,'87a5ab40ae39dc26fc2eee810cb176fe','8749ebb1f7c070a0100ff07ba96d44c3',0.0100,'GC'),
('799cde231325cc06651b8e4663b90e67',1,'2021-07-30 07:51:09.341','admin','2021-07-30 07:51:09.341',NULL,NULL,NULL,'232c128b684b32e096b1bae13e20904c','d20de9d62253a5670e65761da1ca4340',0.0300,'SPECIAL'),
('79eb311b84110a26445742b605f88c4a',1,'2021-07-30 07:51:03.741','admin','2021-07-30 07:51:03.741',NULL,NULL,NULL,'227357c4b782206ca228328caead425b','bd28c750d8d9e0ad05437e5bcdaccabb',0.0100,'GC'),
('7a029f67c7f1c479aac3514c624f6430',1,'2021-07-30 07:50:58.723','admin','2021-07-30 07:50:58.723',NULL,NULL,NULL,'1169999cbaf8348f64ca1686d80a6d6f','bd28c750d8d9e0ad05437e5bcdaccabb',0.0000,'SPECIAL'),
('7a41339be2f741a8465664689b9ff1de',1,'2021-07-30 07:53:48.212','admin','2021-07-30 07:53:48.212',NULL,NULL,NULL,'f3ffe3aa8b90a48fac60888f56d250fc','d20de9d62253a5670e65761da1ca4340',0.0300,'SPECIAL'),
('7a631bd2ff750ece811bcee9c42c2eb1',1,'2021-07-30 07:50:58.723','admin','2021-07-30 07:50:58.723',NULL,NULL,NULL,'1169999cbaf8348f64ca1686d80a6d6f','bd28c750d8d9e0ad05437e5bcdaccabb',0.0000,'GC'),
('7a861795f56e9ba830e8392e563e1f6e',1,'2021-07-30 07:53:30.316','admin','2021-07-30 07:53:30.316',NULL,NULL,NULL,'d2418e84b4448d274869ad29a8ffdc74','478e89973773943f48ca9cce286c1302',0.0050,'GC'),
('7b5639dedaf3d9ab238c0639ebca708a',1,'2021-07-30 07:53:33.402','admin','2021-07-30 07:53:33.402',NULL,NULL,NULL,'d2418e84b4448d274869ad29a8ffdc74','d20de9d62253a5670e65761da1ca4340',0.0100,'GC'),
('7c23ebc435cb2b4083c35b28f106fefe',1,'2021-07-30 07:52:34.957','admin','2021-07-30 07:52:34.957',NULL,NULL,NULL,'8eeefca3de94b12019342864be45d195','0b677599bcd55acfed79dbc691bb8691',0.0050,'GC'),
('7c2f5d3117815928358ec81d10a73347',1,'2021-07-30 07:53:00.320','admin','2021-07-30 07:53:00.320',NULL,NULL,NULL,'96cd8e3d2bfc29a87df68d8675d26ad7','478e89973773943f48ca9cce286c1302',0.0300,'SPECIAL'),
('7c57ea69f10eea50a45c974eaa1249a4',1,'2021-07-30 07:53:25.371','admin','2021-07-30 07:53:25.371',NULL,NULL,NULL,'c499a8274951cdd8cac05e3c3b02630c','478e89973773943f48ca9cce286c1302',0.0075,'SPECIAL'),
('7d04954ab78f9a14151cc79a4cf2a43c',1,'2021-07-30 07:52:29.398','admin','2021-07-30 07:52:29.398',NULL,NULL,NULL,'87a5ab40ae39dc26fc2eee810cb176fe','d8946f6fa6c0238dccbecc42bf201110',0.0100,'GC'),
('7d5eee3f1dfee7875675c256d9522807',1,'2021-07-30 07:53:43.891','admin','2021-07-30 07:53:43.891',NULL,NULL,NULL,'e9b354594833e83432ac1f7210987da4','d8946f6fa6c0238dccbecc42bf201110',0.0100,'SPECIAL'),
('7da8eb7d34f10c7d4d93f8a99f8c06aa',1,'2021-07-30 07:53:26.604','admin','2021-07-30 07:53:26.604',NULL,NULL,NULL,'c499a8274951cdd8cac05e3c3b02630c','8a7afb4439a89f39f4367db5ee46bd95',0.0075,'GC'),
('7df6dca53caa6c068a70022667c1dabd',1,'2021-07-30 07:50:58.099','admin','2021-07-30 07:50:58.099',NULL,NULL,NULL,'1169999cbaf8348f64ca1686d80a6d6f','a240a9798259f917f772ba6462b64b80',0.0000,'GC'),
('7e66da20069043fa00ea876ac2b9d946',1,'2021-07-30 07:52:44.241','admin','2021-07-30 07:52:44.241',NULL,NULL,NULL,'905df467979a98fcbff7837fb5a45692','d8946f6fa6c0238dccbecc42bf201110',0.0050,'GC'),
('7ea35c21b106175ab14eb6bfd3b8a787',1,'2021-07-30 07:53:29.700','admin','2021-07-30 07:53:29.700',NULL,NULL,NULL,'d2418e84b4448d274869ad29a8ffdc74','0b677599bcd55acfed79dbc691bb8691',0.0050,'GC'),
('7ebfad41fa9512631922b265cfdd38d4',1,'2021-07-30 07:50:56.221','admin','2021-07-30 07:50:56.221',NULL,NULL,NULL,'1169999cbaf8348f64ca1686d80a6d6f','478e89973773943f48ca9cce286c1302',0.0000,'SPECIAL'),
('7edad791db45971a3d74d2c4610b20ab',1,'2021-07-30 07:52:59.089','admin','2021-07-30 07:52:59.089',NULL,NULL,NULL,'94755bfc98eaddefe4f574adeac31c65','d8946f6fa6c0238dccbecc42bf201110',0.0050,'GC'),
('7ef34db97020424dbe5a5151018fea35',1,'2021-07-30 07:51:31.123','admin','2021-07-30 07:51:31.123',NULL,NULL,NULL,'34ce3e64408033d925bf7966c5902627','478e89973773943f48ca9cce286c1302',0.0300,'SPECIAL'),
('8024071a66fafc876b46fc157f71677a',1,'2021-07-30 07:53:47.592','admin','2021-07-30 07:53:47.592',NULL,NULL,NULL,'f3ffe3aa8b90a48fac60888f56d250fc','bd28c750d8d9e0ad05437e5bcdaccabb',0.0100,'GC'),
('8145a179ffacfb307c8b13b1ef599d63',1,'2021-07-30 07:52:39.904','admin','2021-07-30 07:52:39.904',NULL,NULL,NULL,'905df467979a98fcbff7837fb5a45692','0b677599bcd55acfed79dbc691bb8691',0.0100,'SPECIAL'),
('8250efb7ae97b68c75e88f0bfe60d2d9',1,'2021-07-30 07:52:46.092','admin','2021-07-30 07:52:46.092',NULL,NULL,NULL,'909048142dcd6c3f92e4582c4ab290f2','8749ebb1f7c070a0100ff07ba96d44c3',0.0100,'GC'),
('8368ce3e2b523d19337f3efd08f8215a',1,'2021-07-30 07:51:27.380','admin','2021-07-30 07:51:27.380',NULL,NULL,NULL,'3171231018238781ad10b9bcef871d7c','8a7afb4439a89f39f4367db5ee46bd95',0.0100,'GC'),
('837325a265d400ccdc8a04609e05a270',1,'2021-07-30 07:51:37.321','admin','2021-07-30 07:51:37.321',NULL,NULL,NULL,'3f5dac6754c4c7f9d215775c090a8a6c','8a7afb4439a89f39f4367db5ee46bd95',0.0300,'SPECIAL'),
('846b5bcae6f6cd9aaa63a1353cc4e0fb',1,'2021-07-30 07:51:51.595','admin','2021-07-30 07:51:51.595',NULL,NULL,NULL,'4d76d4ff6fd63a4fc735c40af5eac77d','8749ebb1f7c070a0100ff07ba96d44c3',0.0100,'GC'),
('854b65590fee7dce21f418da98999e47',1,'2021-07-30 07:53:11.765','admin','2021-07-30 07:53:11.765',NULL,NULL,NULL,'a08a08cf170dc5d8e659104aaf5dda4a','8a7afb4439a89f39f4367db5ee46bd95',0.0300,'SPECIAL'),
('8589ad4d12d8e58783b3b9c494e7a34d',1,'2021-07-30 07:51:21.166','admin','2021-07-30 07:51:21.166',NULL,NULL,NULL,'2c4dd9fe30d2665c3f3a922c88024c3e','478e89973773943f48ca9cce286c1302',0.0300,'SPECIAL'),
('85d5d7d72dfb6bf67728d97ed033b5de',1,'2021-07-30 07:50:55.599','admin','2021-07-30 07:50:55.599',NULL,NULL,NULL,'1169999cbaf8348f64ca1686d80a6d6f','0b677599bcd55acfed79dbc691bb8691',0.0000,'SPECIAL'),
('85eeacfb48bb545fd69c219607dfa36d',1,'2021-07-30 07:51:59.658','admin','2021-07-30 07:51:59.658',NULL,NULL,NULL,'5247896d22ff87120c997c7639909bd9','d8946f6fa6c0238dccbecc42bf201110',0.0100,'SPECIAL'),
('863f225b3de416e948003780f1ad0eae',1,'2021-07-30 07:53:24.136','admin','2021-07-30 07:53:24.136',NULL,NULL,NULL,'baf686dc1da13eb4d2f52177a3dd2dbc','d8946f6fa6c0238dccbecc42bf201110',0.0050,'GC'),
('87c9296c6da8d3d89b4bcb8cc710f934',1,'2021-07-30 07:51:12.455','admin','2021-07-30 07:51:12.455',NULL,NULL,NULL,'26f591e192f4368340953efc58cad1c5','8a7afb4439a89f39f4367db5ee46bd95',0.0300,'SPECIAL'),
('87e4be8cb582598629cbeca11550e0c9',1,'2021-07-30 07:52:03.378','admin','2021-07-30 07:52:03.378',NULL,NULL,NULL,'536aee73f635f790b11ed3a2634bdba1','bd28c750d8d9e0ad05437e5bcdaccabb',0.0300,'SPECIAL'),
('89baf5a86e7e05cbd6324b3ab5f14308',1,'2021-07-30 07:52:51.047','admin','2021-07-30 07:52:51.047',NULL,NULL,NULL,'91598b467a05626c9ada0fea32809fbc','8749ebb1f7c070a0100ff07ba96d44c3',0.0100,'SPECIAL'),
('89de6c79348cdc799b89e65e5c86b12e',1,'2021-07-30 07:52:45.475','admin','2021-07-30 07:52:45.475',NULL,NULL,NULL,'909048142dcd6c3f92e4582c4ab290f2','478e89973773943f48ca9cce286c1302',0.0050,'GC'),
('89ed920cf69c0c43e8a27a9f3b575bb4',1,'2021-07-30 07:53:20.431','admin','2021-07-30 07:53:20.431',NULL,NULL,NULL,'baf686dc1da13eb4d2f52177a3dd2dbc','478e89973773943f48ca9cce286c1302',0.0300,'SPECIAL'),
('89fe9d730af2ddb62c1a39116ccc20f7',1,'2021-07-30 07:51:44.153','admin','2021-07-30 07:51:44.153',NULL,NULL,NULL,'416faa810d11af0c912804502c20bdd6','d20de9d62253a5670e65761da1ca4340',0.0100,'GC'),
('8a2fbfdc11644e9a57055f7111dec46d',1,'2021-07-30 07:52:12.053','admin','2021-07-30 07:52:12.053',NULL,NULL,NULL,'649a6bf366141e3c20a772ff50cd7847','8a7afb4439a89f39f4367db5ee46bd95',0.0300,'SPECIAL'),
('8a3301105471376b46736baca3091f34',1,'2021-07-30 07:51:25.517','admin','2021-07-30 07:51:25.517',NULL,NULL,NULL,'3171231018238781ad10b9bcef871d7c','0b677599bcd55acfed79dbc691bb8691',0.0100,'SPECIAL'),
('8acfab51a1a9d76498cbc88dad78274a',1,'2021-07-30 07:52:15.769','admin','2021-07-30 07:52:15.769',NULL,NULL,NULL,'74e5c6499375dc5f71cf884ecca050e0','478e89973773943f48ca9cce286c1302',0.0075,'GC'),
('8afd0d73d646b0f8bc5e795164c15cc5',1,'2021-07-30 07:53:27.838','admin','2021-07-30 07:53:27.838',NULL,NULL,NULL,'c499a8274951cdd8cac05e3c3b02630c','bd28c750d8d9e0ad05437e5bcdaccabb',0.0075,'GC'),
('8b15c517da93a122b947089029c7af91',1,'2021-07-30 07:53:37.713','admin','2021-07-30 07:53:37.713',NULL,NULL,NULL,'e6e817ce5fda9bcb7cef55c5363ad22a','bd28c750d8d9e0ad05437e5bcdaccabb',0.0100,'GC'),
('8b7a4f9847af4bc8e150b0729df77ab1',1,'2021-07-30 07:52:25.043','admin','2021-07-30 07:52:25.043',NULL,NULL,NULL,'87a5ab40ae39dc26fc2eee810cb176fe','0b677599bcd55acfed79dbc691bb8691',0.0100,'GC'),
('8beb6c2339932bc04b5e872476073bba',1,'2021-07-30 07:51:49.733','admin','2021-07-30 07:51:49.733',NULL,NULL,NULL,'487b3661eb8bd8ae6905d37f9884dcb2','d8946f6fa6c0238dccbecc42bf201110',0.0050,'GC'),
('8c4b47bc03a5c61b6ea4418c4e967735',1,'2021-07-30 07:52:18.240','admin','2021-07-30 07:52:18.240',NULL,NULL,NULL,'74e5c6499375dc5f71cf884ecca050e0','bd28c750d8d9e0ad05437e5bcdaccabb',0.0075,'SPECIAL'),
('8cd35f9ba24d99b4dfb267794e633ee2',1,'2021-07-30 07:53:04.026','admin','2021-07-30 07:53:04.026',NULL,NULL,NULL,'96cd8e3d2bfc29a87df68d8675d26ad7','d8946f6fa6c0238dccbecc42bf201110',0.0100,'SPECIAL'),
('8ce346265b34a7997401e42d2f878021',1,'2021-07-30 07:51:42.294','admin','2021-07-30 07:51:42.294',NULL,NULL,NULL,'416faa810d11af0c912804502c20bdd6','8a7afb4439a89f39f4367db5ee46bd95',0.0100,'GC'),
('8d89e320927fae516267981269996db0',1,'2021-07-30 07:53:42.659','admin','2021-07-30 07:53:42.659',NULL,NULL,NULL,'e9b354594833e83432ac1f7210987da4','bd28c750d8d9e0ad05437e5bcdaccabb',0.0300,'SPECIAL'),
('8db5e61b96c0166f74564d8f75f705a2',1,'2021-07-30 07:52:21.953','admin','2021-07-30 07:52:21.953',NULL,NULL,NULL,'77dde9d9d25826a84da94fdaf7d96770','8a7afb4439a89f39f4367db5ee46bd95',0.0300,'SPECIAL'),
('8e133d0782069a9b3ca154e080ce3640',1,'2021-07-30 07:51:17.437','admin','2021-07-30 07:51:17.437',NULL,NULL,NULL,'29db1ef3659eb96ccdf6bf1e76ccef66','8a7afb4439a89f39f4367db5ee46bd95',0.0300,'SPECIAL'),
('8e73c1077b57c344697ffb55e9e5b4ae',1,'2021-07-30 07:53:46.976','admin','2021-07-30 07:53:46.976',NULL,NULL,NULL,'f3ffe3aa8b90a48fac60888f56d250fc','a240a9798259f917f772ba6462b64b80',0.0200,'GC'),
('8eee0fd70306712a86075b1d2ae1aeaf',1,'2021-07-30 07:53:32.786','admin','2021-07-30 07:53:32.786',NULL,NULL,NULL,'d2418e84b4448d274869ad29a8ffdc74','bd28c750d8d9e0ad05437e5bcdaccabb',0.0300,'SPECIAL'),
('8ef8c0da87f9a0f6d4d7224fb31e5951',1,'2021-07-30 07:52:30.015','admin','2021-07-30 07:52:30.015',NULL,NULL,NULL,'8aed6beb4253850163e0441bdd469289','0b677599bcd55acfed79dbc691bb8691',0.0100,'SPECIAL'),
('8f38ce3ea8ec14c8552a302e5a831d4f',1,'2021-07-30 07:51:18.682','admin','2021-07-30 07:51:18.682',NULL,NULL,NULL,'29db1ef3659eb96ccdf6bf1e76ccef66','bd28c750d8d9e0ad05437e5bcdaccabb',0.0300,'SPECIAL'),
('8f7b858f7a2a54f1985f42c3dd972360',1,'2021-07-30 07:53:30.934','admin','2021-07-30 07:53:30.934',NULL,NULL,NULL,'d2418e84b4448d274869ad29a8ffdc74','8749ebb1f7c070a0100ff07ba96d44c3',0.0100,'GC'),
('8f80174d3fbb86d37f94d96259bd0edf',1,'2021-07-30 07:52:10.187','admin','2021-07-30 07:52:10.187',NULL,NULL,NULL,'649a6bf366141e3c20a772ff50cd7847','0b677599bcd55acfed79dbc691bb8691',0.0100,'SPECIAL'),
('8feb7920122191b0d4acde37b1858a0a',1,'2021-07-30 07:51:55.924','admin','2021-07-30 07:51:55.924',NULL,NULL,NULL,'5247896d22ff87120c997c7639909bd9','478e89973773943f48ca9cce286c1302',0.0050,'GC'),
('9086e67e50d44a36b12e1248213873ce',1,'2021-07-30 07:52:05.234','admin','2021-07-30 07:52:05.234',NULL,NULL,NULL,'5d93cef50e4c96045f1b42ed7d81433e','0b677599bcd55acfed79dbc691bb8691',0.0000,'GC'),
('909b6624d47ac507eca811c3f11ec70d',1,'2021-07-30 07:50:50.559','admin','2021-07-30 07:50:50.559',NULL,NULL,NULL,'01b158ace961d94c787b2e0edae1a90a','0b677599bcd55acfed79dbc691bb8691',0.0300,'SPECIAL'),
('917d4c4d30fe5f230cf5f7a6173e63cc',1,'2021-07-30 07:51:16.191','admin','2021-07-30 07:51:16.191',NULL,NULL,NULL,'29db1ef3659eb96ccdf6bf1e76ccef66','478e89973773943f48ca9cce286c1302',0.0050,'GC'),
('919df0d826ad03faba3187e050923a92',1,'2021-07-30 07:52:41.144','admin','2021-07-30 07:52:41.144',NULL,NULL,NULL,'905df467979a98fcbff7837fb5a45692','8749ebb1f7c070a0100ff07ba96d44c3',0.0100,'GC'),
('91b038afc47182618174431ef8271e92',1,'2021-07-30 07:52:39.288','admin','2021-07-30 07:52:39.288',NULL,NULL,NULL,'8eeefca3de94b12019342864be45d195','d8946f6fa6c0238dccbecc42bf201110',0.0050,'GC'),
('92443859ba011b13af7a247961452ded',1,'2021-07-30 07:52:05.851','admin','2021-07-30 07:52:05.851',NULL,NULL,NULL,'5d93cef50e4c96045f1b42ed7d81433e','478e89973773943f48ca9cce286c1302',0.0000,'GC'),
('92badf2e300c0bd53597c193d5d93cf3',1,'2021-07-30 07:52:33.101','admin','2021-07-30 07:52:33.101',NULL,NULL,NULL,'8aed6beb4253850163e0441bdd469289','bd28c750d8d9e0ad05437e5bcdaccabb',0.0100,'GC'),
('930f7c670ba56da41889c787ecce4683',1,'2021-07-30 07:51:19.300','admin','2021-07-30 07:51:19.300',NULL,NULL,NULL,'29db1ef3659eb96ccdf6bf1e76ccef66','d20de9d62253a5670e65761da1ca4340',0.0300,'SPECIAL'),
('934916bd91e04a5c3309a898ca4a281a',1,'2021-07-30 07:51:38.561','admin','2021-07-30 07:51:38.561',NULL,NULL,NULL,'3f5dac6754c4c7f9d215775c090a8a6c','bd28c750d8d9e0ad05437e5bcdaccabb',0.0300,'SPECIAL'),
('949ce02a2fb23a9d0149b9d52eede62a',1,'2021-07-30 07:53:02.172','admin','2021-07-30 07:53:02.172',NULL,NULL,NULL,'96cd8e3d2bfc29a87df68d8675d26ad7','a240a9798259f917f772ba6462b64b80',0.0100,'GC'),
('95262df7ab12b2d9776ee0556b72e21a',1,'2021-07-30 07:51:08.098','admin','2021-07-30 07:51:08.098',NULL,NULL,NULL,'232c128b684b32e096b1bae13e20904c','a240a9798259f917f772ba6462b64b80',0.0300,'SPECIAL'),
('959f8d6639a21b632773f8fd1baf2ce3',1,'2021-07-30 07:51:37.939','admin','2021-07-30 07:51:37.939',NULL,NULL,NULL,'3f5dac6754c4c7f9d215775c090a8a6c','a240a9798259f917f772ba6462b64b80',0.0100,'GC'),
('965cb6d9ab0db2f9f99bb185b107e81f',1,'2021-07-30 07:52:36.814','admin','2021-07-30 07:52:36.814',NULL,NULL,NULL,'8eeefca3de94b12019342864be45d195','8a7afb4439a89f39f4367db5ee46bd95',0.0300,'SPECIAL'),
('969d6ea913ead9495bf71ee4fc1d6502',1,'2021-07-30 07:52:36.190','admin','2021-07-30 07:52:36.190',NULL,NULL,NULL,'8eeefca3de94b12019342864be45d195','8749ebb1f7c070a0100ff07ba96d44c3',0.0300,'SPECIAL'),
('97f9e0e34718d186a6b3a9cdff0e3c7f',1,'2021-07-30 07:51:10.587','admin','2021-07-30 07:51:10.587',NULL,NULL,NULL,'26f591e192f4368340953efc58cad1c5','0b677599bcd55acfed79dbc691bb8691',0.0300,'SPECIAL'),
('984768d7af43b8efee3222305c52f131',1,'2021-07-30 07:52:28.163','admin','2021-07-30 07:52:28.163',NULL,NULL,NULL,'87a5ab40ae39dc26fc2eee810cb176fe','bd28c750d8d9e0ad05437e5bcdaccabb',0.0300,'SPECIAL'),
('988925f07697ff1a36988f689fadb147',1,'2021-07-30 07:51:37.939','admin','2021-07-30 07:51:37.939',NULL,NULL,NULL,'3f5dac6754c4c7f9d215775c090a8a6c','a240a9798259f917f772ba6462b64b80',0.0300,'SPECIAL'),
('98b7a710d9379d6d8a7cccda63a07701',1,'2021-07-30 07:53:38.945','admin','2021-07-30 07:53:38.945',NULL,NULL,NULL,'e6e817ce5fda9bcb7cef55c5363ad22a','d8946f6fa6c0238dccbecc42bf201110',0.0100,'GC'),
('991debaf5da21a7231d4399e53388af8',1,'2021-07-30 07:53:22.278','admin','2021-07-30 07:53:22.278',NULL,NULL,NULL,'baf686dc1da13eb4d2f52177a3dd2dbc','a240a9798259f917f772ba6462b64b80',0.0300,'SPECIAL'),
('99a1688b718a4789804c84841d608874',1,'2021-07-30 07:52:36.190','admin','2021-07-30 07:52:36.190',NULL,NULL,NULL,'8eeefca3de94b12019342864be45d195','8749ebb1f7c070a0100ff07ba96d44c3',0.0100,'GC'),
('9a316da0ae4410c04376c1151426edcb',1,'2021-07-30 07:53:31.551','admin','2021-07-30 07:53:31.551',NULL,NULL,NULL,'d2418e84b4448d274869ad29a8ffdc74','8a7afb4439a89f39f4367db5ee46bd95',0.0300,'SPECIAL'),
('9acdf40eb8c6da04c2635cce79b9109d',1,'2021-07-30 07:53:25.987','admin','2021-07-30 07:53:25.987',NULL,NULL,NULL,'c499a8274951cdd8cac05e3c3b02630c','8749ebb1f7c070a0100ff07ba96d44c3',0.0075,'SPECIAL'),
('9b14be0832c15a31ff00cc06f23dd2ea',1,'2021-07-30 07:52:52.901','admin','2021-07-30 07:52:52.901',NULL,NULL,NULL,'91598b467a05626c9ada0fea32809fbc','bd28c750d8d9e0ad05437e5bcdaccabb',0.0100,'SPECIAL'),
('9b730a6b2e856d6e617d0d4949a38e84',1,'2021-07-30 07:52:02.143','admin','2021-07-30 07:52:02.143',NULL,NULL,NULL,'536aee73f635f790b11ed3a2634bdba1','8a7afb4439a89f39f4367db5ee46bd95',0.0100,'GC'),
('9b7ecffd9a199b9a4a0469a5aab9d224',1,'2021-07-30 07:53:29.700','admin','2021-07-30 07:53:29.700',NULL,NULL,NULL,'d2418e84b4448d274869ad29a8ffdc74','0b677599bcd55acfed79dbc691bb8691',0.0100,'SPECIAL'),
('9b9f3e590d7c371bd0603b6c72766f2b',1,'2021-07-30 07:52:57.237','admin','2021-07-30 07:52:57.237',NULL,NULL,NULL,'94755bfc98eaddefe4f574adeac31c65','a240a9798259f917f772ba6462b64b80',0.0300,'SPECIAL'),
('9bad9a0626c1e4150c532b0e5167d8c1',1,'2021-07-30 07:52:07.710','admin','2021-07-30 07:52:07.710',NULL,NULL,NULL,'5d93cef50e4c96045f1b42ed7d81433e','a240a9798259f917f772ba6462b64b80',0.0000,'SPECIAL'),
('9baef9be67229b19d6ccc9db55c204c4',1,'2021-07-30 07:52:52.284','admin','2021-07-30 07:52:52.284',NULL,NULL,NULL,'91598b467a05626c9ada0fea32809fbc','a240a9798259f917f772ba6462b64b80',0.0100,'SPECIAL'),
('9bf9856920791a0f3b98f53e81d50f57',1,'2021-07-30 07:52:39.904','admin','2021-07-30 07:52:39.904',NULL,NULL,NULL,'905df467979a98fcbff7837fb5a45692','0b677599bcd55acfed79dbc691bb8691',0.0050,'GC'),
('9c0e3e0ed49be3c4f4bffca33c5637f2',1,'2021-07-30 07:53:48.827','admin','2021-07-30 07:53:48.827',NULL,NULL,NULL,'f3ffe3aa8b90a48fac60888f56d250fc','d8946f6fa6c0238dccbecc42bf201110',0.0300,'SPECIAL'),
('9c8c3fd8ce1cebb986fdd95401c18a92',1,'2021-07-30 07:50:59.362','admin','2021-07-30 07:50:59.362',NULL,NULL,NULL,'1169999cbaf8348f64ca1686d80a6d6f','d20de9d62253a5670e65761da1ca4340',0.0000,'GC'),
('9e0d5fde3935b63509639a0f1b4a97eb',1,'2021-07-30 07:53:34.019','admin','2021-07-30 07:53:34.019',NULL,NULL,NULL,'d2418e84b4448d274869ad29a8ffdc74','d8946f6fa6c0238dccbecc42bf201110',0.0050,'GC'),
('9eef45c4d85152a880006969cb9071df',1,'2021-07-30 07:52:20.104','admin','2021-07-30 07:52:20.104',NULL,NULL,NULL,'77dde9d9d25826a84da94fdaf7d96770','0b677599bcd55acfed79dbc691bb8691',0.0100,'SPECIAL'),
('9f8b8ad8b9dec5b4a6ea8cc28b173d05',1,'2021-07-30 07:52:57.236','admin','2021-07-30 07:52:57.236',NULL,NULL,NULL,'94755bfc98eaddefe4f574adeac31c65','a240a9798259f917f772ba6462b64b80',0.0100,'GC'),
('9fee815bc016f5b2e40559846e64db22',1,'2021-07-30 07:53:32.168','admin','2021-07-30 07:53:32.168',NULL,NULL,NULL,'d2418e84b4448d274869ad29a8ffdc74','a240a9798259f917f772ba6462b64b80',0.0300,'SPECIAL'),
('a0078a08b75a466a4c4f6ff01afe0ffd',1,'2021-07-30 07:52:21.337','admin','2021-07-30 07:52:21.337',NULL,NULL,NULL,'77dde9d9d25826a84da94fdaf7d96770','8749ebb1f7c070a0100ff07ba96d44c3',0.0300,'SPECIAL'),
('a0f592487e89a02e682df249d51b2d82',1,'2021-07-30 07:51:04.990','admin','2021-07-30 07:51:04.990',NULL,NULL,NULL,'227357c4b782206ca228328caead425b','d8946f6fa6c0238dccbecc42bf201110',0.0050,'GC'),
('a11e276feb25f16256ed1c398938f297',1,'2021-07-30 07:51:41.054','admin','2021-07-30 07:51:41.054',NULL,NULL,NULL,'416faa810d11af0c912804502c20bdd6','478e89973773943f48ca9cce286c1302',0.0050,'GC'),
('a16e199c408aa9ac165c0591d284e1cd',1,'2021-07-30 07:53:05.261','admin','2021-07-30 07:53:05.261',NULL,NULL,NULL,'9e7e857dec7fd74ec6241718fcb479d4','478e89973773943f48ca9cce286c1302',0.0300,'SPECIAL'),
('a227d254f1b09bcbb0e8124034358d22',1,'2021-07-30 07:52:40.528','admin','2021-07-30 07:52:40.528',NULL,NULL,NULL,'905df467979a98fcbff7837fb5a45692','478e89973773943f48ca9cce286c1302',0.0300,'SPECIAL'),
('a27109ee4369dc7ebd23b8e6d0cf8968',1,'2021-07-30 07:52:43.003','admin','2021-07-30 07:52:43.003',NULL,NULL,NULL,'905df467979a98fcbff7837fb5a45692','bd28c750d8d9e0ad05437e5bcdaccabb',0.0100,'GC'),
('a282a32fb07b4fc52ad6adf64b7742d9',1,'2021-07-30 07:51:24.275','admin','2021-07-30 07:51:24.275',NULL,NULL,NULL,'2c4dd9fe30d2665c3f3a922c88024c3e','d20de9d62253a5670e65761da1ca4340',0.0100,'GC'),
('a38519d6c2f3ce5fc4ae2db7fa91a1f3',1,'2021-07-30 07:53:14.239','admin','2021-07-30 07:53:14.239',NULL,NULL,NULL,'a08a08cf170dc5d8e659104aaf5dda4a','d8946f6fa6c0238dccbecc42bf201110',0.0100,'SPECIAL'),
('a441918bd58a786fbbbd3ef2c866204e',1,'2021-07-30 07:51:10.587','admin','2021-07-30 07:51:10.587',NULL,NULL,NULL,'26f591e192f4368340953efc58cad1c5','0b677599bcd55acfed79dbc691bb8691',0.0100,'GC'),
('a452ed5001fc6977547e05dbe23fc89a',1,'2021-07-30 07:51:55.307','admin','2021-07-30 07:51:55.307',NULL,NULL,NULL,'5247896d22ff87120c997c7639909bd9','0b677599bcd55acfed79dbc691bb8691',0.0100,'SPECIAL'),
('a5cd56df3bf1b7775145852e39040a81',1,'2021-07-30 07:52:22.570','admin','2021-07-30 07:52:22.570',NULL,NULL,NULL,'77dde9d9d25826a84da94fdaf7d96770','a240a9798259f917f772ba6462b64b80',0.0100,'GC'),
('a5d0ce372cea1b9cb1ef792999a13adf',1,'2021-07-30 07:51:06.855','admin','2021-07-30 07:51:06.855',NULL,NULL,NULL,'232c128b684b32e096b1bae13e20904c','8749ebb1f7c070a0100ff07ba96d44c3',0.0300,'SPECIAL'),
('a630065584d5e89a3314cbe636b8b40c',1,'2021-07-30 07:52:20.721','admin','2021-07-30 07:52:20.721',NULL,NULL,NULL,'77dde9d9d25826a84da94fdaf7d96770','478e89973773943f48ca9cce286c1302',0.0050,'GC'),
('a74a1ca2beb40a8f2604647942475676',1,'2021-07-30 07:51:56.543','admin','2021-07-30 07:51:56.543',NULL,NULL,NULL,'5247896d22ff87120c997c7639909bd9','8749ebb1f7c070a0100ff07ba96d44c3',0.0100,'GC'),
('a7687f84a144c9470690404ecea755be',1,'2021-07-30 07:50:56.849','admin','2021-07-30 07:50:56.849',NULL,NULL,NULL,'1169999cbaf8348f64ca1686d80a6d6f','8749ebb1f7c070a0100ff07ba96d44c3',0.0000,'GC'),
('a79628ac1e262d37efada5ae91934156',1,'2021-07-30 07:53:14.858','admin','2021-07-30 07:53:14.858',NULL,NULL,NULL,'a8f50506845e63f40f4362ab32b281eb','0b677599bcd55acfed79dbc691bb8691',0.0050,'GC'),
('a799d13926f1237b4fe1d803341c0c11',1,'2021-07-30 07:52:49.812','admin','2021-07-30 07:52:49.812',NULL,NULL,NULL,'91598b467a05626c9ada0fea32809fbc','0b677599bcd55acfed79dbc691bb8691',0.0025,'GC'),
('a7d98edcbffa90ae0041f6a2478044d7',1,'2021-07-30 07:51:26.759','admin','2021-07-30 07:51:26.759',NULL,NULL,NULL,'3171231018238781ad10b9bcef871d7c','8749ebb1f7c070a0100ff07ba96d44c3',0.0100,'GC'),
('a9476923c52250ac366ddc080234b57f',1,'2021-07-30 07:52:55.997','admin','2021-07-30 07:52:55.997',NULL,NULL,NULL,'94755bfc98eaddefe4f574adeac31c65','8749ebb1f7c070a0100ff07ba96d44c3',0.0300,'SPECIAL'),
('a9584cfbc255e9bb7d7daa97ea069522',1,'2021-07-30 07:52:13.291','admin','2021-07-30 07:52:13.291',NULL,NULL,NULL,'649a6bf366141e3c20a772ff50cd7847','bd28c750d8d9e0ad05437e5bcdaccabb',0.0100,'GC'),
('ab43ced578d3d717dbe8767c996ca20a',1,'2021-07-30 07:53:38.946','admin','2021-07-30 07:53:38.946',NULL,NULL,NULL,'e6e817ce5fda9bcb7cef55c5363ad22a','d8946f6fa6c0238dccbecc42bf201110',0.0100,'SPECIAL'),
('abd69df229e9e37a7c6dc1b7bb5da830',1,'2021-07-30 07:52:47.331','admin','2021-07-30 07:52:47.331',NULL,NULL,NULL,'909048142dcd6c3f92e4582c4ab290f2','a240a9798259f917f772ba6462b64b80',0.0100,'GC'),
('abef0ded66545a06adb3d96078c94d2b',1,'2021-07-30 07:53:43.276','admin','2021-07-30 07:53:43.276',NULL,NULL,NULL,'e9b354594833e83432ac1f7210987da4','d20de9d62253a5670e65761da1ca4340',0.0100,'GC'),
('ac027554e99183bd03ac77d98186ed2d',1,'2021-07-30 07:53:20.431','admin','2021-07-30 07:53:20.431',NULL,NULL,NULL,'baf686dc1da13eb4d2f52177a3dd2dbc','478e89973773943f48ca9cce286c1302',0.0050,'GC'),
('ac4266f9c9c7bf4d38f5d14639193939',1,'2021-07-30 07:53:09.607','admin','2021-07-30 07:53:09.607',NULL,NULL,NULL,'a08a08cf170dc5d8e659104aaf5dda4a','0b677599bcd55acfed79dbc691bb8691',0.0050,'GC'),
('ace7127aa08b85a122bf498b5d150d64',1,'2021-07-30 07:51:18.681','admin','2021-07-30 07:51:18.681',NULL,NULL,NULL,'29db1ef3659eb96ccdf6bf1e76ccef66','bd28c750d8d9e0ad05437e5bcdaccabb',0.0100,'GC'),
('ae0f68e3479e0525f772092594f8ce02',1,'2021-07-30 07:53:29.081','admin','2021-07-30 07:53:29.081',NULL,NULL,NULL,'c499a8274951cdd8cac05e3c3b02630c','d8946f6fa6c0238dccbecc42bf201110',0.0075,'GC'),
('ae8f5bd320d6090797d2824ced839ead',1,'2021-07-30 07:52:40.528','admin','2021-07-30 07:52:40.528',NULL,NULL,NULL,'905df467979a98fcbff7837fb5a45692','478e89973773943f48ca9cce286c1302',0.0050,'GC'),
('aefb2fc2921f96651e7191feffddaaeb',1,'2021-07-30 07:52:15.149','admin','2021-07-30 07:52:15.149',NULL,NULL,NULL,'74e5c6499375dc5f71cf884ecca050e0','0b677599bcd55acfed79dbc691bb8691',0.0075,'GC'),
('affdab67e761654a6573ec3c60933449',1,'2021-07-30 07:51:19.924','admin','2021-07-30 07:51:19.924',NULL,NULL,NULL,'29db1ef3659eb96ccdf6bf1e76ccef66','d8946f6fa6c0238dccbecc42bf201110',0.0100,'SPECIAL'),
('b02f50d7aceba3218d5ef973591f8810',1,'2021-07-30 07:53:19.814','admin','2021-07-30 07:53:19.814',NULL,NULL,NULL,'baf686dc1da13eb4d2f52177a3dd2dbc','0b677599bcd55acfed79dbc691bb8691',0.0050,'GC'),
('b0e222ffbe731513b8506a90f89e1266',1,'2021-07-30 07:51:14.949','admin','2021-07-30 07:51:14.949',NULL,NULL,NULL,'26f591e192f4368340953efc58cad1c5','d8946f6fa6c0238dccbecc42bf201110',0.0300,'SPECIAL'),
('b12167260fe9813d3a8a51827b9eaad6',1,'2021-07-30 07:51:24.900','admin','2021-07-30 07:51:24.900',NULL,NULL,NULL,'2c4dd9fe30d2665c3f3a922c88024c3e','d8946f6fa6c0238dccbecc42bf201110',0.0100,'SPECIAL'),
('b208e68a2f7e2846a80b962900310700',1,'2021-07-30 07:53:17.336','admin','2021-07-30 07:53:17.336',NULL,NULL,NULL,'a8f50506845e63f40f4362ab32b281eb','a240a9798259f917f772ba6462b64b80',0.0100,'GC'),
('b208f9a03d5b523dd97374315431f8e0',1,'2021-07-30 07:51:58.402','admin','2021-07-30 07:51:58.402',NULL,NULL,NULL,'5247896d22ff87120c997c7639909bd9','bd28c750d8d9e0ad05437e5bcdaccabb',0.0100,'GC'),
('b27793e88db1104fc96a745eccabe0dc',1,'2021-07-30 07:52:12.673','admin','2021-07-30 07:52:12.673',NULL,NULL,NULL,'649a6bf366141e3c20a772ff50cd7847','a240a9798259f917f772ba6462b64b80',0.0300,'SPECIAL'),
('b2d4619c41c17c00cdf79f12a15f1ad5',1,'2021-07-30 07:51:36.078','admin','2021-07-30 07:51:36.078',NULL,NULL,NULL,'3f5dac6754c4c7f9d215775c090a8a6c','478e89973773943f48ca9cce286c1302',0.0050,'GC'),
('b3307e297a51813c96f6f79a8390b07e',1,'2021-07-30 07:51:29.261','admin','2021-07-30 07:51:29.261',NULL,NULL,NULL,'3171231018238781ad10b9bcef871d7c','d20de9d62253a5670e65761da1ca4340',0.0300,'SPECIAL'),
('b36fda8326cdbd2ec6773a2a0437e057',1,'2021-07-30 07:51:29.261','admin','2021-07-30 07:51:29.261',NULL,NULL,NULL,'3171231018238781ad10b9bcef871d7c','d20de9d62253a5670e65761da1ca4340',0.0100,'GC'),
('b5386d50e88c1c2a8cf91d17ed171b8c',1,'2021-07-30 07:50:59.987','admin','2021-07-30 07:50:59.987',NULL,NULL,NULL,'1169999cbaf8348f64ca1686d80a6d6f','d8946f6fa6c0238dccbecc42bf201110',0.0000,'GC'),
('b5b2a8bab3b1442b7167dd9a9e22cd99',1,'2021-07-30 07:52:31.867','admin','2021-07-30 07:52:31.867',NULL,NULL,NULL,'8aed6beb4253850163e0441bdd469289','8a7afb4439a89f39f4367db5ee46bd95',0.0300,'SPECIAL'),
('b5ea91f84af8e428d3ad55e5446e45dd',1,'2021-07-30 07:51:50.351','admin','2021-07-30 07:51:50.351',NULL,NULL,NULL,'4d76d4ff6fd63a4fc735c40af5eac77d','0b677599bcd55acfed79dbc691bb8691',0.0050,'GC'),
('b6ed1f3be70e63a0513ed23d4010154c',1,'2021-07-30 07:53:21.045','admin','2021-07-30 07:53:21.045',NULL,NULL,NULL,'baf686dc1da13eb4d2f52177a3dd2dbc','8749ebb1f7c070a0100ff07ba96d44c3',0.0100,'GC'),
('b7634b78aa8bc7b3b3e97c06b3a90f7a',1,'2021-07-30 07:51:01.864','admin','2021-07-30 07:51:01.864',NULL,NULL,NULL,'227357c4b782206ca228328caead425b','8749ebb1f7c070a0100ff07ba96d44c3',0.0100,'GC'),
('b78162d162afb83a3be9cd08c68c5d3d',1,'2021-07-30 07:53:21.663','admin','2021-07-30 07:53:21.663',NULL,NULL,NULL,'baf686dc1da13eb4d2f52177a3dd2dbc','8a7afb4439a89f39f4367db5ee46bd95',0.0300,'SPECIAL'),
('b7950ee528ca1cf64534f4955cc0dde1',1,'2021-07-30 07:50:50.558','admin','2021-07-30 07:50:50.558',NULL,NULL,NULL,'01b158ace961d94c787b2e0edae1a90a','0b677599bcd55acfed79dbc691bb8691',0.0050,'GC'),
('b79dc6d8e7d4e5b02fa74dfa2b51b4c1',1,'2021-07-30 07:53:37.098','admin','2021-07-30 07:53:37.098',NULL,NULL,NULL,'e6e817ce5fda9bcb7cef55c5363ad22a','a240a9798259f917f772ba6462b64b80',0.0300,'SPECIAL'),
('b825c373b5e664b47139b2eae51b6478',1,'2021-07-30 07:53:10.529','admin','2021-07-30 07:53:10.529',NULL,NULL,NULL,'a08a08cf170dc5d8e659104aaf5dda4a','478e89973773943f48ca9cce286c1302',0.0300,'SPECIAL'),
('b83c80d3214e82f9d07988842403f9a9',1,'2021-07-30 07:53:34.634','admin','2021-07-30 07:53:34.634',NULL,NULL,NULL,'e6e817ce5fda9bcb7cef55c5363ad22a','0b677599bcd55acfed79dbc691bb8691',0.0100,'SPECIAL'),
('b88bb8543624d6345803e07452cee1a7',1,'2021-07-30 07:53:03.408','admin','2021-07-30 07:53:03.408',NULL,NULL,NULL,'96cd8e3d2bfc29a87df68d8675d26ad7','d20de9d62253a5670e65761da1ca4340',0.0300,'SPECIAL'),
('b9322c96ed5412538ed99f9207408b32',1,'2021-07-30 07:52:34.341','admin','2021-07-30 07:52:34.341',NULL,NULL,NULL,'8aed6beb4253850163e0441bdd469289','d8946f6fa6c0238dccbecc42bf201110',0.0100,'SPECIAL'),
('b9655d967053c980204e9dc407addc5b',1,'2021-07-30 07:51:34.839','admin','2021-07-30 07:51:34.839',NULL,NULL,NULL,'34ce3e64408033d925bf7966c5902627','d8946f6fa6c0238dccbecc42bf201110',0.0050,'GC'),
('b9a303ae575e07a7514dee7836832397',1,'2021-07-30 07:53:17.336','admin','2021-07-30 07:53:17.336',NULL,NULL,NULL,'a8f50506845e63f40f4362ab32b281eb','a240a9798259f917f772ba6462b64b80',0.0300,'SPECIAL'),
('b9a3d064aa46e52b6b9c3ea47d8da409',1,'2021-07-30 07:51:44.772','admin','2021-07-30 07:51:44.772',NULL,NULL,NULL,'416faa810d11af0c912804502c20bdd6','d8946f6fa6c0238dccbecc42bf201110',0.0100,'SPECIAL'),
('b9fa568d75d1b8df45818616626c37f6',1,'2021-07-30 07:51:40.424','admin','2021-07-30 07:51:40.424',NULL,NULL,NULL,'416faa810d11af0c912804502c20bdd6','0b677599bcd55acfed79dbc691bb8691',0.0100,'SPECIAL'),
('ba736a927a81c833ddd73b6309ab0663',1,'2021-07-30 07:52:34.341','admin','2021-07-30 07:52:34.341',NULL,NULL,NULL,'8aed6beb4253850163e0441bdd469289','d8946f6fa6c0238dccbecc42bf201110',0.0050,'GC'),
('baeaeea1ad48693945c77d8e353b6ba4',1,'2021-07-30 07:52:54.134','admin','2021-07-30 07:52:54.134',NULL,NULL,NULL,'91598b467a05626c9ada0fea32809fbc','d8946f6fa6c0238dccbecc42bf201110',0.0025,'GC'),
('bb175b7f00ab586aac75a75f4d15f354',1,'2021-07-30 07:50:51.203','admin','2021-07-30 07:50:51.203',NULL,NULL,NULL,'01b158ace961d94c787b2e0edae1a90a','478e89973773943f48ca9cce286c1302',0.0050,'GC'),
('bbaabed4e1c5fdda38c1b24f16507f73',1,'2021-07-30 07:51:49.111','admin','2021-07-30 07:51:49.111',NULL,NULL,NULL,'487b3661eb8bd8ae6905d37f9884dcb2','d20de9d62253a5670e65761da1ca4340',0.0300,'SPECIAL'),
('bc01abe61465cd305e68ca3e1f76e347',1,'2021-07-30 07:52:53.519','admin','2021-07-30 07:52:53.519',NULL,NULL,NULL,'91598b467a05626c9ada0fea32809fbc','d20de9d62253a5670e65761da1ca4340',0.0100,'GC'),
('bccddcadeb0b096db4766d6580622bbe',1,'2021-07-30 07:52:57.852','admin','2021-07-30 07:52:57.852',NULL,NULL,NULL,'94755bfc98eaddefe4f574adeac31c65','bd28c750d8d9e0ad05437e5bcdaccabb',0.0300,'SPECIAL'),
('be022c3ad77f787f1026bef0b5b7325a',1,'2021-07-30 07:52:49.184','admin','2021-07-30 07:52:49.184',NULL,NULL,NULL,'909048142dcd6c3f92e4582c4ab290f2','d8946f6fa6c0238dccbecc42bf201110',0.0050,'GC'),
('bedb1107766db935da0d1ff16d99b0ee',1,'2021-07-30 07:51:00.614','admin','2021-07-30 07:51:00.614',NULL,NULL,NULL,'227357c4b782206ca228328caead425b','0b677599bcd55acfed79dbc691bb8691',0.0050,'GC'),
('bef2c6f0f803c091ea63bc3086654bdd',1,'2021-07-30 07:51:54.068','admin','2021-07-30 07:51:54.068',NULL,NULL,NULL,'4d76d4ff6fd63a4fc735c40af5eac77d','d20de9d62253a5670e65761da1ca4340',0.0300,'SPECIAL'),
('bf0bbfe94f1829b0824901cbc4053aaa',1,'2021-07-30 07:52:27.545','admin','2021-07-30 07:52:27.545',NULL,NULL,NULL,'87a5ab40ae39dc26fc2eee810cb176fe','a240a9798259f917f772ba6462b64b80',0.0100,'GC'),
('bf369c5cbb3a8c82c03c8a4d7bf00e9f',1,'2021-07-30 07:51:47.872','admin','2021-07-30 07:51:47.872',NULL,NULL,NULL,'487b3661eb8bd8ae6905d37f9884dcb2','a240a9798259f917f772ba6462b64b80',0.0100,'GC'),
('bfcbc2e01182031fd934ef967fef9042',1,'2021-07-30 07:51:23.653','admin','2021-07-30 07:51:23.653',NULL,NULL,NULL,'2c4dd9fe30d2665c3f3a922c88024c3e','bd28c750d8d9e0ad05437e5bcdaccabb',0.0300,'SPECIAL'),
('c08c86490cca2f5bc2fd47a5aca4a2a2',1,'2021-07-30 07:53:22.895','admin','2021-07-30 07:53:22.895',NULL,NULL,NULL,'baf686dc1da13eb4d2f52177a3dd2dbc','bd28c750d8d9e0ad05437e5bcdaccabb',0.0100,'GC'),
('c3ccca0f33cc626a389423c42de0552e',1,'2021-07-30 07:51:50.971','admin','2021-07-30 07:51:50.971',NULL,NULL,NULL,'4d76d4ff6fd63a4fc735c40af5eac77d','478e89973773943f48ca9cce286c1302',0.0050,'GC'),
('c472c01312c04a509e376cc2af8023bc',1,'2021-07-30 07:51:35.459','admin','2021-07-30 07:51:35.459',NULL,NULL,NULL,'3f5dac6754c4c7f9d215775c090a8a6c','0b677599bcd55acfed79dbc691bb8691',0.0100,'SPECIAL'),
('c48efb3a73b17390086fabcebf1288ed',1,'2021-07-30 07:51:43.534','admin','2021-07-30 07:51:43.534',NULL,NULL,NULL,'416faa810d11af0c912804502c20bdd6','bd28c750d8d9e0ad05437e5bcdaccabb',0.0300,'SPECIAL'),
('c4b0d1a2b32deabb2f395c9e54f869bc',1,'2021-07-30 07:53:27.838','admin','2021-07-30 07:53:27.838',NULL,NULL,NULL,'c499a8274951cdd8cac05e3c3b02630c','bd28c750d8d9e0ad05437e5bcdaccabb',0.0075,'SPECIAL'),
('c5bf0e9ccd095e0b056746a1cf24f56f',1,'2021-07-30 07:52:17.622','admin','2021-07-30 07:52:17.622',NULL,NULL,NULL,'74e5c6499375dc5f71cf884ecca050e0','a240a9798259f917f772ba6462b64b80',0.0075,'GC'),
('c5efe376141e0b22de2353ce8729eb58',1,'2021-07-30 07:52:43.622','admin','2021-07-30 07:52:43.622',NULL,NULL,NULL,'905df467979a98fcbff7837fb5a45692','d20de9d62253a5670e65761da1ca4340',0.0100,'GC'),
('c61e9d4896ccd173f813dc31b436d036',1,'2021-07-30 07:50:56.220','admin','2021-07-30 07:50:56.220',NULL,NULL,NULL,'1169999cbaf8348f64ca1686d80a6d6f','478e89973773943f48ca9cce286c1302',0.0000,'GC'),
('c65f0eb92b263ed6d6d28c574aab9b77',1,'2021-07-30 07:52:23.190','admin','2021-07-30 07:52:23.190',NULL,NULL,NULL,'77dde9d9d25826a84da94fdaf7d96770','bd28c750d8d9e0ad05437e5bcdaccabb',0.0300,'SPECIAL'),
('c66f4cf32e0c26472730ad4f86f098d9',1,'2021-07-30 07:53:42.036','admin','2021-07-30 07:53:42.036',NULL,NULL,NULL,'e9b354594833e83432ac1f7210987da4','a240a9798259f917f772ba6462b64b80',0.0100,'GC'),
('c6e0b9a1673bb8e387b11c9c7a137415',1,'2021-07-30 07:51:40.424','admin','2021-07-30 07:51:40.424',NULL,NULL,NULL,'416faa810d11af0c912804502c20bdd6','0b677599bcd55acfed79dbc691bb8691',0.0100,'GC'),
('c972b794d572750619ec521c48b46ade',1,'2021-07-30 07:52:17.005','admin','2021-07-30 07:52:17.005',NULL,NULL,NULL,'74e5c6499375dc5f71cf884ecca050e0','8a7afb4439a89f39f4367db5ee46bd95',0.0075,'GC'),
('c9a4a5e4c4740ec64a4cf57ea2b79446',1,'2021-07-30 07:51:59.027','admin','2021-07-30 07:51:59.027',NULL,NULL,NULL,'5247896d22ff87120c997c7639909bd9','d20de9d62253a5670e65761da1ca4340',0.0300,'SPECIAL'),
('c9ab1c4a4e575bbbea93e9ec51227dd6',1,'2021-07-30 07:53:33.402','admin','2021-07-30 07:53:33.402',NULL,NULL,NULL,'d2418e84b4448d274869ad29a8ffdc74','d20de9d62253a5670e65761da1ca4340',0.0300,'SPECIAL'),
('c9cc79dc7160df087b34d015c8cd7efa',1,'2021-07-30 07:52:07.089','admin','2021-07-30 07:52:07.089',NULL,NULL,NULL,'5d93cef50e4c96045f1b42ed7d81433e','8a7afb4439a89f39f4367db5ee46bd95',0.0000,'GC'),
('cbdbf3c003792f04362998fb17379d61',1,'2021-07-30 07:52:23.190','admin','2021-07-30 07:52:23.190',NULL,NULL,NULL,'77dde9d9d25826a84da94fdaf7d96770','bd28c750d8d9e0ad05437e5bcdaccabb',0.0100,'GC'),
('cbf467f2c981124f95420ce2e2baa1ef',1,'2021-07-30 07:52:31.866','admin','2021-07-30 07:52:31.866',NULL,NULL,NULL,'8aed6beb4253850163e0441bdd469289','8a7afb4439a89f39f4367db5ee46bd95',0.0100,'GC'),
('cd2a379b44cf22fe208ec6388cce33ff',1,'2021-07-30 07:51:53.450','admin','2021-07-30 07:51:53.450',NULL,NULL,NULL,'4d76d4ff6fd63a4fc735c40af5eac77d','bd28c750d8d9e0ad05437e5bcdaccabb',0.0300,'SPECIAL'),
('cdd0f383db4efd0d7615dd2d2c4dfb26',1,'2021-07-30 07:52:36.814','admin','2021-07-30 07:52:36.814',NULL,NULL,NULL,'8eeefca3de94b12019342864be45d195','8a7afb4439a89f39f4367db5ee46bd95',0.0100,'GC'),
('ce125cc7048090aba5c97c8d078bd0f5',1,'2021-07-30 07:53:07.742','admin','2021-07-30 07:53:07.742',NULL,NULL,NULL,'9e7e857dec7fd74ec6241718fcb479d4','bd28c750d8d9e0ad05437e5bcdaccabb',0.0100,'GC'),
('ce487ca9aeb9841e5a5da5232e312c7d',1,'2021-07-30 07:53:46.977','admin','2021-07-30 07:53:46.977',NULL,NULL,NULL,'f3ffe3aa8b90a48fac60888f56d250fc','a240a9798259f917f772ba6462b64b80',0.0300,'SPECIAL'),
('d025f15d3b1e04bcd2687bf5ab79d87a',1,'2021-07-30 07:52:20.721','admin','2021-07-30 07:52:20.721',NULL,NULL,NULL,'77dde9d9d25826a84da94fdaf7d96770','478e89973773943f48ca9cce286c1302',0.0300,'SPECIAL'),
('d0f838169aba85d4de940da9b968224a',1,'2021-07-30 07:53:08.362','admin','2021-07-30 07:53:08.362',NULL,NULL,NULL,'9e7e857dec7fd74ec6241718fcb479d4','d20de9d62253a5670e65761da1ca4340',0.0300,'SPECIAL'),
('d239646ec9fce6d014e88c0539e5c55e',1,'2021-07-30 07:53:38.329','admin','2021-07-30 07:53:38.329',NULL,NULL,NULL,'e6e817ce5fda9bcb7cef55c5363ad22a','d20de9d62253a5670e65761da1ca4340',0.0300,'SPECIAL'),
('d3c33dce30cc9d3c7a6386cbdf951423',1,'2021-07-30 07:52:57.852','admin','2021-07-30 07:52:57.852',NULL,NULL,NULL,'94755bfc98eaddefe4f574adeac31c65','bd28c750d8d9e0ad05437e5bcdaccabb',0.0100,'GC'),
('d49929fe177bcc5062bf5763c2649bd9',1,'2021-07-30 07:51:17.437','admin','2021-07-30 07:51:17.437',NULL,NULL,NULL,'29db1ef3659eb96ccdf6bf1e76ccef66','8a7afb4439a89f39f4367db5ee46bd95',0.0100,'GC'),
('d4a8a58e9b6248a4d97b32e257403c14',1,'2021-07-30 07:52:03.378','admin','2021-07-30 07:52:03.378',NULL,NULL,NULL,'536aee73f635f790b11ed3a2634bdba1','bd28c750d8d9e0ad05437e5bcdaccabb',0.0100,'GC'),
('d4aa04e27700f3c6ca0b41b16c278c07',1,'2021-07-30 07:52:10.809','admin','2021-07-30 07:52:10.809',NULL,NULL,NULL,'649a6bf366141e3c20a772ff50cd7847','478e89973773943f48ca9cce286c1302',0.0300,'SPECIAL'),
('d4c6555aaa7d559ba1075e158bff2dd9',1,'2021-07-30 07:52:21.337','admin','2021-07-30 07:52:21.337',NULL,NULL,NULL,'77dde9d9d25826a84da94fdaf7d96770','8749ebb1f7c070a0100ff07ba96d44c3',0.0100,'GC'),
('d5066955ae5f43b1fd0393cc00d98b5c',1,'2021-07-30 07:51:54.068','admin','2021-07-30 07:51:54.068',NULL,NULL,NULL,'4d76d4ff6fd63a4fc735c40af5eac77d','d20de9d62253a5670e65761da1ca4340',0.0100,'GC'),
('d5f41eec994b629142ad565d173d7ac1',1,'2021-07-30 07:52:33.101','admin','2021-07-30 07:52:33.101',NULL,NULL,NULL,'8aed6beb4253850163e0441bdd469289','bd28c750d8d9e0ad05437e5bcdaccabb',0.0300,'SPECIAL'),
('d6c81de3ccd3799fbb52a5d780a65214',1,'2021-07-30 07:53:04.644','admin','2021-07-30 07:53:04.644',NULL,NULL,NULL,'9e7e857dec7fd74ec6241718fcb479d4','0b677599bcd55acfed79dbc691bb8691',0.0100,'SPECIAL'),
('d6cbd63c47b73e546eb8a4be52e045ae',1,'2021-07-30 07:53:24.751','admin','2021-07-30 07:53:24.751',NULL,NULL,NULL,'c499a8274951cdd8cac05e3c3b02630c','0b677599bcd55acfed79dbc691bb8691',0.0075,'SPECIAL'),
('d6ee2ba6518a1ae357d2f4229a150455',1,'2021-07-30 07:51:32.981','admin','2021-07-30 07:51:32.981',NULL,NULL,NULL,'34ce3e64408033d925bf7966c5902627','a240a9798259f917f772ba6462b64b80',0.0100,'GC'),
('d6fd9cc19e59944c26c9a2a98bcb98e8',1,'2021-07-30 07:51:52.833','admin','2021-07-30 07:51:52.833',NULL,NULL,NULL,'4d76d4ff6fd63a4fc735c40af5eac77d','a240a9798259f917f772ba6462b64b80',0.0100,'GC'),
('d735a59591a553cfb27645ae522303da',1,'2021-07-30 07:52:10.808','admin','2021-07-30 07:52:10.808',NULL,NULL,NULL,'649a6bf366141e3c20a772ff50cd7847','478e89973773943f48ca9cce286c1302',0.0050,'GC'),
('d793425a79782fb974192c6bce190347',1,'2021-07-30 07:52:31.251','admin','2021-07-30 07:52:31.251',NULL,NULL,NULL,'8aed6beb4253850163e0441bdd469289','8749ebb1f7c070a0100ff07ba96d44c3',0.0300,'SPECIAL'),
('d826e7d2a3a4ce1a534a20897702dae3',1,'2021-07-30 07:51:30.502','admin','2021-07-30 07:51:30.502',NULL,NULL,NULL,'34ce3e64408033d925bf7966c5902627','0b677599bcd55acfed79dbc691bb8691',0.0050,'GC'),
('d86505f6ebea0bf13cc4700660ae3308',1,'2021-07-30 07:52:51.047','admin','2021-07-30 07:52:51.047',NULL,NULL,NULL,'91598b467a05626c9ada0fea32809fbc','8749ebb1f7c070a0100ff07ba96d44c3',0.0100,'GC'),
('d87cd51a6938dbc93efd5c11a43afbe3',1,'2021-07-30 07:51:08.721','admin','2021-07-30 07:51:08.721',NULL,NULL,NULL,'232c128b684b32e096b1bae13e20904c','bd28c750d8d9e0ad05437e5bcdaccabb',0.0300,'SPECIAL'),
('d8fb933fb73f66a90cc554f6322ab6e3',1,'2021-07-30 07:51:16.191','admin','2021-07-30 07:51:16.191',NULL,NULL,NULL,'29db1ef3659eb96ccdf6bf1e76ccef66','478e89973773943f48ca9cce286c1302',0.0300,'SPECIAL'),
('d94a6acf21a8c9af0343b3366872ccd0',1,'2021-07-30 07:52:08.947','admin','2021-07-30 07:52:08.947',NULL,NULL,NULL,'5d93cef50e4c96045f1b42ed7d81433e','d20de9d62253a5670e65761da1ca4340',0.0000,'SPECIAL'),
('d9a5066ff37cb83e6f4a078828ff8c51',1,'2021-07-30 07:53:19.189','admin','2021-07-30 07:53:19.189',NULL,NULL,NULL,'a8f50506845e63f40f4362ab32b281eb','d8946f6fa6c0238dccbecc42bf201110',0.0100,'SPECIAL'),
('dae3a5aa5ec15b756bac574c213ea945',1,'2021-07-30 07:52:07.710','admin','2021-07-30 07:52:07.710',NULL,NULL,NULL,'5d93cef50e4c96045f1b42ed7d81433e','a240a9798259f917f772ba6462b64b80',0.0000,'GC'),
('db5ab7c7e1d1c42d9fe326293fd5201d',1,'2021-07-30 07:52:26.927','admin','2021-07-30 07:52:26.927',NULL,NULL,NULL,'87a5ab40ae39dc26fc2eee810cb176fe','8a7afb4439a89f39f4367db5ee46bd95',0.0100,'GC'),
('db7f3acb8904ee58997421d1127b77b7',1,'2021-07-30 07:52:03.998','admin','2021-07-30 07:52:03.998',NULL,NULL,NULL,'536aee73f635f790b11ed3a2634bdba1','d20de9d62253a5670e65761da1ca4340',0.0100,'GC'),
('dc0b7a88fe72d642523570a5936cd292',1,'2021-07-30 07:53:05.880','admin','2021-07-30 07:53:05.880',NULL,NULL,NULL,'9e7e857dec7fd74ec6241718fcb479d4','8749ebb1f7c070a0100ff07ba96d44c3',0.0100,'GC'),
('dc40caa14091e5512d96ee4e6172a9dc',1,'2021-07-30 07:51:34.219','admin','2021-07-30 07:51:34.219',NULL,NULL,NULL,'34ce3e64408033d925bf7966c5902627','d20de9d62253a5670e65761da1ca4340',0.0100,'GC'),
('dc95d55a5166c88914e5d015db730b29',1,'2021-07-30 07:50:53.719','admin','2021-07-30 07:50:53.719',NULL,NULL,NULL,'01b158ace961d94c787b2e0edae1a90a','bd28c750d8d9e0ad05437e5bcdaccabb',0.0300,'SPECIAL'),
('dc9ed21fa785f5e25d0665e035ecb1b0',1,'2021-07-30 07:51:32.982','admin','2021-07-30 07:51:32.982',NULL,NULL,NULL,'34ce3e64408033d925bf7966c5902627','a240a9798259f917f772ba6462b64b80',0.0300,'SPECIAL'),
('ddabb496652d1779d0e955fa671818af',1,'2021-07-30 07:51:09.340','admin','2021-07-30 07:51:09.340',NULL,NULL,NULL,'232c128b684b32e096b1bae13e20904c','d20de9d62253a5670e65761da1ca4340',0.0100,'GC'),
('ddf416b077c55e1c54520272b61c5cf1',1,'2021-07-30 07:51:21.795','admin','2021-07-30 07:51:21.795',NULL,NULL,NULL,'2c4dd9fe30d2665c3f3a922c88024c3e','8749ebb1f7c070a0100ff07ba96d44c3',0.0100,'GC'),
('ddfe9994071694b53b203b6b6efac9b8',1,'2021-07-30 07:51:06.233','admin','2021-07-30 07:51:06.233',NULL,NULL,NULL,'232c128b684b32e096b1bae13e20904c','478e89973773943f48ca9cce286c1302',0.0050,'GC'),
('de27c696994875108286a9050719975f',1,'2021-07-30 07:50:51.832','admin','2021-07-30 07:50:51.832',NULL,NULL,NULL,'01b158ace961d94c787b2e0edae1a90a','8749ebb1f7c070a0100ff07ba96d44c3',0.0050,'GC'),
('de87183ec75ae1d395c11021ed811fdd',1,'2021-07-30 07:52:02.761','admin','2021-07-30 07:52:02.761',NULL,NULL,NULL,'536aee73f635f790b11ed3a2634bdba1','a240a9798259f917f772ba6462b64b80',0.0100,'GC'),
('deacbb19ee7d49e11b5862b7d0c013fc',1,'2021-07-30 07:52:16.387','admin','2021-07-30 07:52:16.387',NULL,NULL,NULL,'74e5c6499375dc5f71cf884ecca050e0','8749ebb1f7c070a0100ff07ba96d44c3',0.0075,'GC'),
('dfcc56de5a9d2f85d1be2b64213c4909',1,'2021-07-30 07:53:44.509','admin','2021-07-30 07:53:44.509',NULL,NULL,NULL,'f3ffe3aa8b90a48fac60888f56d250fc','0b677599bcd55acfed79dbc691bb8691',0.0050,'GC'),
('e01fa4c2059057c5c201961b7ac04c10',1,'2021-07-30 07:52:52.901','admin','2021-07-30 07:52:52.901',NULL,NULL,NULL,'91598b467a05626c9ada0fea32809fbc','bd28c750d8d9e0ad05437e5bcdaccabb',0.0100,'GC'),
('e0306ebb62bbd711207d098272b5423c',1,'2021-07-30 07:52:56.621','admin','2021-07-30 07:52:56.621',NULL,NULL,NULL,'94755bfc98eaddefe4f574adeac31c65','8a7afb4439a89f39f4367db5ee46bd95',0.0300,'SPECIAL'),
('e05700589ea44a352d69122da88b7276',1,'2021-07-30 07:52:21.953','admin','2021-07-30 07:52:21.953',NULL,NULL,NULL,'77dde9d9d25826a84da94fdaf7d96770','8a7afb4439a89f39f4367db5ee46bd95',0.0100,'GC'),
('e093666b05af62139a36ea2310fa7208',1,'2021-07-30 07:51:32.363','admin','2021-07-30 07:51:32.363',NULL,NULL,NULL,'34ce3e64408033d925bf7966c5902627','8a7afb4439a89f39f4367db5ee46bd95',0.0100,'GC'),
('e0bdf6a5369c7771504c6c538042aa56',1,'2021-07-30 07:53:45.128','admin','2021-07-30 07:53:45.128',NULL,NULL,NULL,'f3ffe3aa8b90a48fac60888f56d250fc','478e89973773943f48ca9cce286c1302',0.0300,'SPECIAL'),
('e13e5bcf99948ce9343bd2cf9402655e',1,'2021-07-30 07:52:00.277','admin','2021-07-30 07:52:00.277',NULL,NULL,NULL,'536aee73f635f790b11ed3a2634bdba1','0b677599bcd55acfed79dbc691bb8691',0.0100,'SPECIAL'),
('e162855540e76863b46826cafb2e41c5',1,'2021-07-30 07:51:35.459','admin','2021-07-30 07:51:35.459',NULL,NULL,NULL,'3f5dac6754c4c7f9d215775c090a8a6c','0b677599bcd55acfed79dbc691bb8691',0.0050,'GC'),
('e2588dbb5d36ec8c95b612c9053e95d2',1,'2021-07-30 07:51:57.166','admin','2021-07-30 07:51:57.166',NULL,NULL,NULL,'5247896d22ff87120c997c7639909bd9','8a7afb4439a89f39f4367db5ee46bd95',0.0300,'SPECIAL'),
('e2d5755b2d26ad6308649219e3de6461',1,'2021-07-30 07:53:08.978','admin','2021-07-30 07:53:08.978',NULL,NULL,NULL,'9e7e857dec7fd74ec6241718fcb479d4','d8946f6fa6c0238dccbecc42bf201110',0.0050,'GC'),
('e2f204db116db082775cc1bb7557c638',1,'2021-07-30 07:53:28.455','admin','2021-07-30 07:53:28.455',NULL,NULL,NULL,'c499a8274951cdd8cac05e3c3b02630c','d20de9d62253a5670e65761da1ca4340',0.0075,'GC'),
('e37c26f6aa27e5adc1d0ca5788ff0386',1,'2021-07-30 07:53:24.136','admin','2021-07-30 07:53:24.136',NULL,NULL,NULL,'baf686dc1da13eb4d2f52177a3dd2dbc','d8946f6fa6c0238dccbecc42bf201110',0.0100,'SPECIAL'),
('e4a6e2ee02021a229ccf20202a809bac',1,'2021-07-30 07:52:41.763','admin','2021-07-30 07:52:41.763',NULL,NULL,NULL,'905df467979a98fcbff7837fb5a45692','8a7afb4439a89f39f4367db5ee46bd95',0.0100,'GC'),
('e4c2a80764a5b0afcc770461f8c191ec',1,'2021-07-30 07:52:54.134','admin','2021-07-30 07:52:54.134',NULL,NULL,NULL,'91598b467a05626c9ada0fea32809fbc','d8946f6fa6c0238dccbecc42bf201110',0.0100,'SPECIAL'),
('e4e0b06f9a5091764b7bf8ba228713b7',1,'2021-07-30 07:51:23.653','admin','2021-07-30 07:51:23.653',NULL,NULL,NULL,'2c4dd9fe30d2665c3f3a922c88024c3e','bd28c750d8d9e0ad05437e5bcdaccabb',0.0100,'GC'),
('e610cb003449d25ed0677088f275f9b7',1,'2021-07-30 07:52:06.471','admin','2021-07-30 07:52:06.471',NULL,NULL,NULL,'5d93cef50e4c96045f1b42ed7d81433e','8749ebb1f7c070a0100ff07ba96d44c3',0.0000,'SPECIAL'),
('e62f797dfb93121ce5ace89d0af1b95e',1,'2021-07-30 07:53:18.570','admin','2021-07-30 07:53:18.570',NULL,NULL,NULL,'a8f50506845e63f40f4362ab32b281eb','d20de9d62253a5670e65761da1ca4340',0.0100,'GC'),
('e63aa6740273bdea9105599012f3e9a9',1,'2021-07-30 07:53:32.786','admin','2021-07-30 07:53:32.786',NULL,NULL,NULL,'d2418e84b4448d274869ad29a8ffdc74','bd28c750d8d9e0ad05437e5bcdaccabb',0.0100,'GC'),
('e64c83008221d3d18065f87abd5b0db1',1,'2021-07-30 07:51:46.012','admin','2021-07-30 07:51:46.012',NULL,NULL,NULL,'487b3661eb8bd8ae6905d37f9884dcb2','478e89973773943f48ca9cce286c1302',0.0300,'SPECIAL'),
('e684efc7e9c89857626eaa561cc591d4',1,'2021-07-30 07:51:47.253','admin','2021-07-30 07:51:47.253',NULL,NULL,NULL,'487b3661eb8bd8ae6905d37f9884dcb2','8a7afb4439a89f39f4367db5ee46bd95',0.0300,'SPECIAL'),
('e6bf51e037e2a3c9ccbadd07a8c5f965',1,'2021-07-30 07:53:07.743','admin','2021-07-30 07:53:07.743',NULL,NULL,NULL,'9e7e857dec7fd74ec6241718fcb479d4','bd28c750d8d9e0ad05437e5bcdaccabb',0.0300,'SPECIAL'),
('e71ced9bd5ba8745988ae3567612010e',1,'2021-07-30 07:52:46.714','admin','2021-07-30 07:52:46.714',NULL,NULL,NULL,'909048142dcd6c3f92e4582c4ab290f2','8a7afb4439a89f39f4367db5ee46bd95',0.0100,'GC'),
('e7ecacea2af454664c5c6e083062d2fe',1,'2021-07-30 07:51:53.450','admin','2021-07-30 07:51:53.450',NULL,NULL,NULL,'4d76d4ff6fd63a4fc735c40af5eac77d','bd28c750d8d9e0ad05437e5bcdaccabb',0.0100,'GC'),
('e806adfe7fdcd8b3217d3afd5490ca69',1,'2021-07-30 07:51:46.634','admin','2021-07-30 07:51:46.634',NULL,NULL,NULL,'487b3661eb8bd8ae6905d37f9884dcb2','8749ebb1f7c070a0100ff07ba96d44c3',0.0100,'GC'),
('e9066598b9cd0a443f0b8b4b611aa7f5',1,'2021-07-30 07:53:17.952','admin','2021-07-30 07:53:17.952',NULL,NULL,NULL,'a8f50506845e63f40f4362ab32b281eb','bd28c750d8d9e0ad05437e5bcdaccabb',0.0100,'GC'),
('e978a15e5a0b5ed71d233db4b20ba69f',1,'2021-07-30 07:52:18.240','admin','2021-07-30 07:52:18.240',NULL,NULL,NULL,'74e5c6499375dc5f71cf884ecca050e0','bd28c750d8d9e0ad05437e5bcdaccabb',0.0075,'GC'),
('e983c0f4e2a76005d1a58ad35b36346a',1,'2021-07-30 07:52:01.524','admin','2021-07-30 07:52:01.524',NULL,NULL,NULL,'536aee73f635f790b11ed3a2634bdba1','8749ebb1f7c070a0100ff07ba96d44c3',0.0300,'SPECIAL'),
('e996d51feecb842a308b4cb143f95400',1,'2021-07-30 07:53:40.185','admin','2021-07-30 07:53:40.185',NULL,NULL,NULL,'e9b354594833e83432ac1f7210987da4','478e89973773943f48ca9cce286c1302',0.0050,'GC'),
('ea3034656ea9bddfcc73cafcdc04e989',1,'2021-07-30 07:51:54.687','admin','2021-07-30 07:51:54.687',NULL,NULL,NULL,'4d76d4ff6fd63a4fc735c40af5eac77d','d8946f6fa6c0238dccbecc42bf201110',0.0050,'GC'),
('ea4ac648b7b46480117009ecdcc43ad5',1,'2021-07-30 07:50:54.975','admin','2021-07-30 07:50:54.975',NULL,NULL,NULL,'01b158ace961d94c787b2e0edae1a90a','d8946f6fa6c0238dccbecc42bf201110',0.0300,'SPECIAL'),
('eb8072b6bf5d6efdb571c6b81c42d73d',1,'2021-07-30 07:51:20.545','admin','2021-07-30 07:51:20.545',NULL,NULL,NULL,'2c4dd9fe30d2665c3f3a922c88024c3e','0b677599bcd55acfed79dbc691bb8691',0.0050,'GC'),
('eba8a45f066e4aeb36ff7cc9c4b83160',1,'2021-07-30 07:53:02.791','admin','2021-07-30 07:53:02.791',NULL,NULL,NULL,'96cd8e3d2bfc29a87df68d8675d26ad7','bd28c750d8d9e0ad05437e5bcdaccabb',0.0100,'GC'),
('ebbfdde2cf3106f6ae8dfa89268cab35',1,'2021-07-30 07:53:24.751','admin','2021-07-30 07:53:24.751',NULL,NULL,NULL,'c499a8274951cdd8cac05e3c3b02630c','0b677599bcd55acfed79dbc691bb8691',0.0075,'GC'),
('ebe6067b5db0d101bf4b802057565614',1,'2021-07-30 07:52:11.431','admin','2021-07-30 07:52:11.431',NULL,NULL,NULL,'649a6bf366141e3c20a772ff50cd7847','8749ebb1f7c070a0100ff07ba96d44c3',0.0300,'SPECIAL'),
('ec1b74221ab7f0e6fab162285c8928b7',1,'2021-07-30 07:53:35.866','admin','2021-07-30 07:53:35.866',NULL,NULL,NULL,'e6e817ce5fda9bcb7cef55c5363ad22a','8749ebb1f7c070a0100ff07ba96d44c3',0.0100,'SPECIAL'),
('ed24fae871e7de147847713e31a822f9',1,'2021-07-30 07:51:44.153','admin','2021-07-30 07:51:44.153',NULL,NULL,NULL,'416faa810d11af0c912804502c20bdd6','d20de9d62253a5670e65761da1ca4340',0.0300,'SPECIAL'),
('eda15d408a3acd90c747fe74c507d066',1,'2021-07-30 07:51:15.571','admin','2021-07-30 07:51:15.571',NULL,NULL,NULL,'29db1ef3659eb96ccdf6bf1e76ccef66','0b677599bcd55acfed79dbc691bb8691',0.0050,'GC'),
('ee1419a5e65b2771ea8de25ae485d319',1,'2021-07-30 07:52:33.722','admin','2021-07-30 07:52:33.722',NULL,NULL,NULL,'8aed6beb4253850163e0441bdd469289','d20de9d62253a5670e65761da1ca4340',0.0100,'GC'),
('ee4f6b6d631282281c473915d71fecf4',1,'2021-07-30 07:50:53.719','admin','2021-07-30 07:50:53.719',NULL,NULL,NULL,'01b158ace961d94c787b2e0edae1a90a','bd28c750d8d9e0ad05437e5bcdaccabb',0.0050,'GC'),
('ee66202333e95222573ef717846edadb',1,'2021-07-30 07:52:18.860','admin','2021-07-30 07:52:18.860',NULL,NULL,NULL,'74e5c6499375dc5f71cf884ecca050e0','d20de9d62253a5670e65761da1ca4340',0.0075,'GC'),
('ee7e1af842f528d94c232e5c736ea81e',1,'2021-07-30 07:52:42.386','admin','2021-07-30 07:52:42.386',NULL,NULL,NULL,'905df467979a98fcbff7837fb5a45692','a240a9798259f917f772ba6462b64b80',0.0100,'GC'),
('ee99d40e5b37f1fb7eda7a6410ccdcb9',1,'2021-07-30 07:50:55.598','admin','2021-07-30 07:50:55.598',NULL,NULL,NULL,'1169999cbaf8348f64ca1686d80a6d6f','0b677599bcd55acfed79dbc691bb8691',0.0000,'GC'),
('ef4584aee34e6e8e8e1634d3acd6bcd8',1,'2021-07-30 07:52:08.947','admin','2021-07-30 07:52:08.947',NULL,NULL,NULL,'5d93cef50e4c96045f1b42ed7d81433e','d20de9d62253a5670e65761da1ca4340',0.0000,'GC'),
('effb95ce345c621981a7fab812c98d10',1,'2021-07-30 07:50:52.464','admin','2021-07-30 07:50:52.464',NULL,NULL,NULL,'01b158ace961d94c787b2e0edae1a90a','8a7afb4439a89f39f4367db5ee46bd95',0.0300,'SPECIAL'),
('f04a2f21226ce8e5a283e05b3a719341',1,'2021-07-30 07:53:21.045','admin','2021-07-30 07:53:21.045',NULL,NULL,NULL,'baf686dc1da13eb4d2f52177a3dd2dbc','8749ebb1f7c070a0100ff07ba96d44c3',0.0300,'SPECIAL'),
('f0dc02964e24e1afa7f33ae904efea90',1,'2021-07-30 07:52:46.714','admin','2021-07-30 07:52:46.714',NULL,NULL,NULL,'909048142dcd6c3f92e4582c4ab290f2','8a7afb4439a89f39f4367db5ee46bd95',0.0300,'SPECIAL'),
('f11cd273a8c2fd0e796d5281fe4f3243',1,'2021-07-30 07:52:17.622','admin','2021-07-30 07:52:17.622',NULL,NULL,NULL,'74e5c6499375dc5f71cf884ecca050e0','a240a9798259f917f772ba6462b64b80',0.0250,'SPECIAL'),
('f15df5efa379d60778a79bda74d6ac56',1,'2021-07-30 07:52:18.860','admin','2021-07-30 07:52:18.860',NULL,NULL,NULL,'74e5c6499375dc5f71cf884ecca050e0','d20de9d62253a5670e65761da1ca4340',0.0250,'SPECIAL'),
('f19284b9e42f660c59ca9f657e09a641',1,'2021-07-30 07:53:03.408','admin','2021-07-30 07:53:03.408',NULL,NULL,NULL,'96cd8e3d2bfc29a87df68d8675d26ad7','d20de9d62253a5670e65761da1ca4340',0.0100,'GC'),
('f2070f3ac29d10df79a1064d38a03d13',1,'2021-07-30 07:53:07.122','admin','2021-07-30 07:53:07.122',NULL,NULL,NULL,'9e7e857dec7fd74ec6241718fcb479d4','a240a9798259f917f772ba6462b64b80',0.0300,'SPECIAL'),
('f25aa2805d692c689e8d601a06247b91',1,'2021-07-30 07:52:22.570','admin','2021-07-30 07:52:22.570',NULL,NULL,NULL,'77dde9d9d25826a84da94fdaf7d96770','a240a9798259f917f772ba6462b64b80',0.0300,'SPECIAL'),
('f2637544cbe32a63f03550a94f8b5bd8',1,'2021-07-30 07:50:54.347','admin','2021-07-30 07:50:54.347',NULL,NULL,NULL,'01b158ace961d94c787b2e0edae1a90a','d20de9d62253a5670e65761da1ca4340',0.0300,'SPECIAL'),
('f26678e046d02acbd1e5590267aa296e',1,'2021-07-30 07:52:43.622','admin','2021-07-30 07:52:43.622',NULL,NULL,NULL,'905df467979a98fcbff7837fb5a45692','d20de9d62253a5670e65761da1ca4340',0.0300,'SPECIAL'),
('f2a40c6f206b9e81d1a88a7a7645cc01',1,'2021-07-30 07:53:25.370','admin','2021-07-30 07:53:25.370',NULL,NULL,NULL,'c499a8274951cdd8cac05e3c3b02630c','478e89973773943f48ca9cce286c1302',0.0075,'GC'),
('f2c9129ef456afba140fe6c6fc0afd0f',1,'2021-07-30 07:53:35.865','admin','2021-07-30 07:53:35.865',NULL,NULL,NULL,'e6e817ce5fda9bcb7cef55c5363ad22a','8749ebb1f7c070a0100ff07ba96d44c3',0.0100,'GC'),
('f3afa96d770781cc7d8023b83cfdbe55',1,'2021-07-30 07:52:28.782','admin','2021-07-30 07:52:28.782',NULL,NULL,NULL,'87a5ab40ae39dc26fc2eee810cb176fe','d20de9d62253a5670e65761da1ca4340',0.0100,'GC'),
('f3c5602123488b6273a4754c71b73e5f',1,'2021-07-30 07:51:48.492','admin','2021-07-30 07:51:48.492',NULL,NULL,NULL,'487b3661eb8bd8ae6905d37f9884dcb2','bd28c750d8d9e0ad05437e5bcdaccabb',0.0100,'GC'),
('f3dfb0828f91c4ae2180fbec18b810f6',1,'2021-07-30 07:52:26.281','admin','2021-07-30 07:52:26.281',NULL,NULL,NULL,'87a5ab40ae39dc26fc2eee810cb176fe','8749ebb1f7c070a0100ff07ba96d44c3',0.0300,'SPECIAL'),
('f3eaf600769903a75acfb3f7d5bce118',1,'2021-07-30 07:52:59.089','admin','2021-07-30 07:52:59.089',NULL,NULL,NULL,'94755bfc98eaddefe4f574adeac31c65','d8946f6fa6c0238dccbecc42bf201110',0.0100,'SPECIAL'),
('f433486783616e3a8038c6b02df90b97',1,'2021-07-30 07:53:35.250','admin','2021-07-30 07:53:35.250',NULL,NULL,NULL,'e6e817ce5fda9bcb7cef55c5363ad22a','478e89973773943f48ca9cce286c1302',0.0300,'SPECIAL'),
('f4bfadf7f2e6eb5039a084d035c009f5',1,'2021-07-30 07:51:01.238','admin','2021-07-30 07:51:01.238',NULL,NULL,NULL,'227357c4b782206ca228328caead425b','478e89973773943f48ca9cce286c1302',0.0300,'SPECIAL'),
('f563211e9c2db99ab99a190225864698',1,'2021-07-30 07:52:26.927','admin','2021-07-30 07:52:26.927',NULL,NULL,NULL,'87a5ab40ae39dc26fc2eee810cb176fe','8a7afb4439a89f39f4367db5ee46bd95',0.0300,'SPECIAL'),
('f639351e9993c5bfe86aba5203e69d50',1,'2021-07-30 07:51:03.741','admin','2021-07-30 07:51:03.741',NULL,NULL,NULL,'227357c4b782206ca228328caead425b','bd28c750d8d9e0ad05437e5bcdaccabb',0.0300,'SPECIAL'),
('f6bb60732363733a018eb3d525f90265',1,'2021-07-30 07:53:17.952','admin','2021-07-30 07:53:17.952',NULL,NULL,NULL,'a8f50506845e63f40f4362ab32b281eb','bd28c750d8d9e0ad05437e5bcdaccabb',0.0300,'SPECIAL'),
('f71e2701893b272f9fdbb5e79f2e1af8',1,'2021-07-30 07:52:51.665','admin','2021-07-30 07:52:51.665',NULL,NULL,NULL,'91598b467a05626c9ada0fea32809fbc','8a7afb4439a89f39f4367db5ee46bd95',0.0100,'GC'),
('f75fee367cd32a32bcfc4b7c32a612d8',1,'2021-07-30 07:51:31.122','admin','2021-07-30 07:51:31.122',NULL,NULL,NULL,'34ce3e64408033d925bf7966c5902627','478e89973773943f48ca9cce286c1302',0.0050,'GC'),
('f7a63fc6f758851d069f9ff5e66b6c94',1,'2021-07-30 07:51:16.813','admin','2021-07-30 07:51:16.813',NULL,NULL,NULL,'29db1ef3659eb96ccdf6bf1e76ccef66','8749ebb1f7c070a0100ff07ba96d44c3',0.0300,'SPECIAL'),
('f8ccd2ba30cf331e8603ffe6f3451ca0',1,'2021-07-30 07:51:27.380','admin','2021-07-30 07:51:27.380',NULL,NULL,NULL,'3171231018238781ad10b9bcef871d7c','8a7afb4439a89f39f4367db5ee46bd95',0.0300,'SPECIAL'),
('f9ace49211ea0af4a54d13f558f8572d',1,'2021-07-30 07:52:12.052','admin','2021-07-30 07:52:12.052',NULL,NULL,NULL,'649a6bf366141e3c20a772ff50cd7847','8a7afb4439a89f39f4367db5ee46bd95',0.0050,'GC'),
('fa6206b1dc874b84ca55d732c7b72ebc',1,'2021-07-30 07:52:08.328','admin','2021-07-30 07:52:08.328',NULL,NULL,NULL,'5d93cef50e4c96045f1b42ed7d81433e','bd28c750d8d9e0ad05437e5bcdaccabb',0.0000,'SPECIAL'),
('fb40bb60ff01caa2d7e706a64881a652',1,'2021-07-30 07:50:57.475','admin','2021-07-30 07:50:57.475',NULL,NULL,NULL,'1169999cbaf8348f64ca1686d80a6d6f','8a7afb4439a89f39f4367db5ee46bd95',0.0000,'SPECIAL'),
('fb4344ef5e319eb5f4aad180ed94f12d',1,'2021-07-30 07:52:16.387','admin','2021-07-30 07:52:16.387',NULL,NULL,NULL,'74e5c6499375dc5f71cf884ecca050e0','8749ebb1f7c070a0100ff07ba96d44c3',0.0250,'SPECIAL'),
('fba495f0be56802b75bf5a2457fadef7',1,'2021-07-30 07:51:36.078','admin','2021-07-30 07:51:36.078',NULL,NULL,NULL,'3f5dac6754c4c7f9d215775c090a8a6c','478e89973773943f48ca9cce286c1302',0.0300,'SPECIAL'),
('fcbb96d43509e7c1605fbbf45fe68e8d',1,'2021-07-30 07:52:04.616','admin','2021-07-30 07:52:04.616',NULL,NULL,NULL,'536aee73f635f790b11ed3a2634bdba1','d8946f6fa6c0238dccbecc42bf201110',0.0100,'SPECIAL'),
('fd049652e4fe82df9a4085bbc3fac1c2',1,'2021-07-30 07:52:03.998','admin','2021-07-30 07:52:03.998',NULL,NULL,NULL,'536aee73f635f790b11ed3a2634bdba1','d20de9d62253a5670e65761da1ca4340',0.0300,'SPECIAL'),
('fd3187bdbe4c7847dfdb1c963be822ce',1,'2021-07-30 07:52:41.144','admin','2021-07-30 07:52:41.144',NULL,NULL,NULL,'905df467979a98fcbff7837fb5a45692','8749ebb1f7c070a0100ff07ba96d44c3',0.0300,'SPECIAL'),
('fd534bf01c374f2bb018fd0f6dc0575b',1,'2021-07-30 07:51:39.183','admin','2021-07-30 07:51:39.183',NULL,NULL,NULL,'3f5dac6754c4c7f9d215775c090a8a6c','d20de9d62253a5670e65761da1ca4340',0.0300,'SPECIAL'),
('fdb8f0f167610dc716be3578e676e175',1,'2021-07-30 07:53:35.250','admin','2021-07-30 07:53:35.250',NULL,NULL,NULL,'e6e817ce5fda9bcb7cef55c5363ad22a','478e89973773943f48ca9cce286c1302',0.0100,'GC'),
('fdbbdfbd6e5295e2831f5cb46deafd4a',1,'2021-07-30 07:51:27.999','admin','2021-07-30 07:51:27.999',NULL,NULL,NULL,'3171231018238781ad10b9bcef871d7c','a240a9798259f917f772ba6462b64b80',0.0100,'GC'),
('fdc56cf7f29cf29b7eff182b2d75c29f',1,'2021-07-30 07:51:43.533','admin','2021-07-30 07:51:43.533',NULL,NULL,NULL,'416faa810d11af0c912804502c20bdd6','bd28c750d8d9e0ad05437e5bcdaccabb',0.0100,'GC'),
('fe0ad2d95869ded85d970e6fa04f100a',1,'2021-07-30 07:52:59.704','admin','2021-07-30 07:52:59.704',NULL,NULL,NULL,'96cd8e3d2bfc29a87df68d8675d26ad7','0b677599bcd55acfed79dbc691bb8691',0.0100,'SPECIAL'),
('fe809cb968514bdc474e8d9a1bf7729c',1,'2021-07-30 07:51:07.477','admin','2021-07-30 07:51:07.477',NULL,NULL,NULL,'232c128b684b32e096b1bae13e20904c','8a7afb4439a89f39f4367db5ee46bd95',0.0300,'SPECIAL'),
('ff5ef6f300da7074d855197344131a84',1,'2021-07-30 07:52:52.284','admin','2021-07-30 07:52:52.284',NULL,NULL,NULL,'91598b467a05626c9ada0fea32809fbc','a240a9798259f917f772ba6462b64b80',0.0100,'GC'),
('ff90ef46903d2b54f56a1ea424220074',1,'2021-07-30 07:52:06.471','admin','2021-07-30 07:52:06.471',NULL,NULL,NULL,'5d93cef50e4c96045f1b42ed7d81433e','8749ebb1f7c070a0100ff07ba96d44c3',0.0000,'GC');
-- end GCSPLATFORM_COUNTERPARTY_BROKERAGE
-- begin GCSPLATFORM_CURRENCY
INSERT INTO `GCSPLATFORM_CURRENCY` VALUES ('0fded12e3c904fa499ae6e203c2fa899',1,'2021-08-09 09:45:26.276','admin','2021-08-09 09:45:26.276',NULL,NULL,NULL,'USD'),
('5425abbb10704c2ab684b8bffd3af3ef',1,'2021-08-09 09:45:14.129','admin','2021-08-09 09:45:14.129',NULL,NULL,NULL,'CNY'),
('b19ef8753def4dfca98320abcf1c1cf1',1,'2021-08-09 09:45:37.090','admin','2021-08-09 09:45:37.090',NULL,NULL,NULL,'JPY'),
('fa9bec0d6a08472992700090dbe6838f',1,'2021-08-09 09:45:08.567','admin','2021-08-09 09:45:08.567',NULL,NULL,NULL,'SGD'),
('c9fe53d49b4a478881734bed041090bf',1,'2021-08-09 09:44:55.451','admin','2021-08-09 09:44:55.451',NULL,NULL,NULL,'HKD'),
('6165afc2531441ac95b7c6237498637f',1,'2021-08-09 09:45:21.277','admin','2021-08-09 09:45:21.277',NULL,NULL,NULL,'THB'),
('2d2f4140dee94e5ba30a31e963d8a5e5',1,'2021-08-09 09:45:01.976','admin','2021-08-09 09:45:01.976',NULL,NULL,NULL,'INR'),
('7810bfe325704f8f813185bdb8ecaff8',1,'2021-08-09 09:45:31.852','admin','2021-08-09 09:45:31.852',NULL,NULL,NULL,'AED'),
('725317761ea84fbea9cc88d082b35dec',1,'2021-08-09 09:45:01.976','admin','2021-08-09 09:45:01.976',NULL,NULL,NULL,'RUB'),
('9b373773501e41d3b606564d5fa18c78',1,'2021-08-09 09:45:01.976','admin','2021-08-09 09:45:01.976',NULL,NULL,NULL,'EUR'),
('3af565f877a249dc934d4c3644e45fdc',1,'2021-08-09 09:45:01.976','admin','2021-08-09 09:45:01.976',NULL,NULL,NULL,'AUD');
-- end GCSPLATFORM_CURRENCY
-- begin SEC_FILTER
INSERT INTO `SEC_FILTER` VALUES ('f2d43a9b8082fe83357767cd70c7de74','2021-08-20 12:20:34.010','admin',3,'2021-08-26 15:27:24.756','admin',NULL,NULL,NULL,'[gcsplatform_OpenedTrade.browse].filter',NULL,NULL,'<?xml version=\"1.0\" encoding=\"UTF-8\"?>\n\n<filter>\n  <and>\n    <c name=\"traderef\" class=\"java.lang.String\" caption=\"Contract No\" operatorType=\"CONTAINS\" width=\"1\" type=\"PROPERTY\"><![CDATA[e.traderef like :component$filter.trade_traderef91095 ESCAPE \'\\\' ]]>\n      <param name=\"component$filter.trade_traderef91095\" javaClass=\"java.lang.String\">NULL</param>\n    </c>\n    <c name=\"bondDescription\" class=\"java.lang.String\" caption=\"Description\" operatorType=\"CONTAINS\" width=\"1\" type=\"PROPERTY\"><![CDATA[e.bondDescription like :component$filter.trade_bondDescription60803 ESCAPE \'\\\' ]]>\n      <param name=\"component$filter.trade_bondDescription60803\" javaClass=\"java.lang.String\">NULL</param>\n    </c>\n    <c name=\"isin\" class=\"java.lang.String\" caption=\"Isin\" operatorType=\"CONTAINS\" width=\"1\" type=\"PROPERTY\"><![CDATA[e.isin like :component$filter.trade_isin19143 ESCAPE \'\\\' ]]>\n      <param name=\"component$filter.trade_isin19143\" javaClass=\"java.lang.String\">NULL</param>\n    </c>\n    <c name=\"subs\" class=\"java.lang.Boolean\" caption=\"Subs\" operatorType=\"EQUAL\" width=\"1\" type=\"PROPERTY\"><![CDATA[e.subs = :component$filter.trade_subs14571]]>\n      <param name=\"component$filter.trade_subs14571\" javaClass=\"java.lang.Boolean\">NULL</param>\n    </c>\n    <c name=\"special\" class=\"java.lang.Boolean\" caption=\"Special\" operatorType=\"EQUAL\" width=\"2\" type=\"PROPERTY\"><![CDATA[e.special = :component$filter.trade_special27188]]>\n      <param name=\"component$filter.trade_special27188\" javaClass=\"java.lang.Boolean\">NULL</param>\n    </c>\n    <c name=\"gc\" class=\"java.lang.Boolean\" caption=\"Gc\" operatorType=\"EQUAL\" width=\"1\" type=\"PROPERTY\"><![CDATA[e.gc = :component$filter.trade_gc80798]]>\n      <param name=\"component$filter.trade_gc80798\" javaClass=\"java.lang.Boolean\">NULL</param>\n    </c>\n    <c name=\"qqeYLORMKh\" class=\"com.gcs.gcsplatform.entity.masterdata.Counterparty\" width=\"1\" type=\"CUSTOM\" locCaption=\"Buyer\" entityAlias=\"e\"><![CDATA[cpybuy.id = :component$filter.qqeYLORMKh15191 and {E}.buyer = cpybuy.counterparty]]>\n      <param name=\"component$filter.qqeYLORMKh15191\" javaClass=\"com.gcs.gcsplatform.entity.masterdata.Counterparty\">NULL</param>\n      <join><![CDATA[, gcsplatform_Counterparty cpybuy]]></join>\n    </c>\n    <c name=\"ecvwubcuLz\" class=\"com.gcs.gcsplatform.entity.masterdata.Counterparty\" width=\"1\" type=\"CUSTOM\" locCaption=\"Seller\" entityAlias=\"e\"><![CDATA[cpysell.id = :component$filter.ecvwubcuLz04571 and {E}.seller = cpysell.counterparty]]>\n      <param name=\"component$filter.ecvwubcuLz04571\" javaClass=\"com.gcs.gcsplatform.entity.masterdata.Counterparty\">NULL</param>\n      <join><![CDATA[, gcsplatform_Counterparty cpysell]]></join>\n    </c>\n    <c name=\"GOaqEMIZat\" class=\"com.gcs.gcsplatform.entity.masterdata.Agent\" width=\"1\" type=\"CUSTOM\" locCaption=\"Buyer agent\" entityAlias=\"e\"><![CDATA[buyag.id = :component$filter.GOaqEMIZat05747 and {E}.buyerAgent = buyag.agent]]>\n      <param name=\"component$filter.GOaqEMIZat05747\" javaClass=\"com.gcs.gcsplatform.entity.masterdata.Agent\">NULL</param>\n      <join><![CDATA[, gcsplatform_Agent buyag]]></join>\n    </c>\n    <c name=\"uIgFBKQOzq\" class=\"com.gcs.gcsplatform.entity.masterdata.Agent\" width=\"1\" type=\"CUSTOM\" locCaption=\"Seller agent\" entityAlias=\"e\"><![CDATA[sellag.id = :component$filter.uIgFBKQOzq87630 and {E}.sellerAgent = sellag.agent]]>\n      <param name=\"component$filter.uIgFBKQOzq87630\" javaClass=\"com.gcs.gcsplatform.entity.masterdata.Agent\">NULL</param>\n      <join><![CDATA[, gcsplatform_Agent sellag]]></join>\n    </c>\n    <c name=\"BlDJmOceWC\" class=\"com.gcs.gcsplatform.entity.masterdata.Currency\" width=\"1\" type=\"CUSTOM\" locCaption=\"Currency\" entityAlias=\"e\"><![CDATA[cur.id = :component$filter.BlDJmOceWC40743 and {E}.tradeCurrency = cur.currency\n      \n      \n    ]]>\n      <param name=\"component$filter.BlDJmOceWC40743\" javaClass=\"com.gcs.gcsplatform.entity.masterdata.Currency\">NULL</param>\n      <join><![CDATA[, gcsplatform_Currency cur]]></join>\n    </c>\n    <c name=\"TfXNIJTDKJ\" class=\"java.sql.Date\" width=\"1\" type=\"CUSTOM\" locCaption=\"Trade date from\" entityAlias=\"e\"><![CDATA[{E}.tradeDate >= :component$filter.TfXNIJTDKJ10759\n      \n    ]]>\n      <param name=\"component$filter.TfXNIJTDKJ10759\" javaClass=\"java.sql.Date\">NULL</param>\n    </c>\n    <c name=\"mRGTfIesJq\" class=\"java.sql.Date\" width=\"2\" type=\"CUSTOM\" locCaption=\"Trade date to\" entityAlias=\"e\"><![CDATA[{E}.tradeDate <= :component$filter.mRGTfIesJq87358\n      \n    ]]>\n      <param name=\"component$filter.mRGTfIesJq87358\" javaClass=\"java.sql.Date\">NULL</param>\n    </c>\n    <c name=\"AAMFVbXvgD\" class=\"java.sql.Date\" width=\"1\" type=\"CUSTOM\" locCaption=\"Maturity date from\" entityAlias=\"e\"><![CDATA[{E}.maturityDate >= :component$filter.AAMFVbXvgD64515\n      \n    ]]>\n      <param name=\"component$filter.AAMFVbXvgD64515\" javaClass=\"java.sql.Date\">NULL</param>\n    </c>\n    <c name=\"QcuhzKAiVq\" class=\"java.sql.Date\" width=\"2\" type=\"CUSTOM\" locCaption=\"Maturity date to\" entityAlias=\"e\"><![CDATA[{E}.maturityDate <= :component$filter.QcuhzKAiVq83129\n      \n    ]]>\n      <param name=\"component$filter.QcuhzKAiVq83129\" javaClass=\"java.sql.Date\">NULL</param>\n    </c>\n    <c name=\"KpTTiFgwpG\" class=\"java.sql.Date\" width=\"1\" type=\"CUSTOM\" locCaption=\"Value date from\" entityAlias=\"e\"><![CDATA[{E}.valueDate >= :component$filter.KpTTiFgwpG33161\n      \n    ]]>\n      <param name=\"component$filter.KpTTiFgwpG33161\" javaClass=\"java.sql.Date\">NULL</param>\n    </c>\n    <c name=\"RnhlJlRjXN\" class=\"java.sql.Date\" width=\"1\" type=\"CUSTOM\" locCaption=\"Value date to\" entityAlias=\"e\"><![CDATA[{E}.valueDate <= :component$filter.RnhlJlRjXN49982\n      \n    ]]>\n      <param name=\"component$filter.RnhlJlRjXN49982\" javaClass=\"java.sql.Date\">NULL</param>\n    </c>\n  </and>\n</filter>\n',NULL,1),
('41cd65bd0d0a478f8e844ce0bcc5bbf0','2021-08-20 12:20:34.010','admin',3,'2021-08-26 15:27:24.756','admin',NULL,NULL,NULL,'[gcsplatform_ClosedTrade.browse].filter',NULL,NULL,'<?xml version=\"1.0\" encoding=\"UTF-8\"?>\n\n<filter>\n  <and>\n    <c name=\"traderef\" class=\"java.lang.String\" caption=\"Contract No\" operatorType=\"CONTAINS\" width=\"1\" type=\"PROPERTY\"><![CDATA[e.traderef like :component$filter.trade_traderef91095 ESCAPE \'\\\' ]]>\n      <param name=\"component$filter.trade_traderef91095\" javaClass=\"java.lang.String\">NULL</param>\n    </c>\n    <c name=\"bondDescription\" class=\"java.lang.String\" caption=\"Description\" operatorType=\"CONTAINS\" width=\"1\" type=\"PROPERTY\"><![CDATA[e.bondDescription like :component$filter.trade_bondDescription60803 ESCAPE \'\\\' ]]>\n      <param name=\"component$filter.trade_bondDescription60803\" javaClass=\"java.lang.String\">NULL</param>\n    </c>\n    <c name=\"isin\" class=\"java.lang.String\" caption=\"Isin\" operatorType=\"CONTAINS\" width=\"1\" type=\"PROPERTY\"><![CDATA[e.isin like :component$filter.trade_isin19143 ESCAPE \'\\\' ]]>\n      <param name=\"component$filter.trade_isin19143\" javaClass=\"java.lang.String\">NULL</param>\n    </c>\n    <c name=\"subs\" class=\"java.lang.Boolean\" caption=\"Subs\" operatorType=\"EQUAL\" width=\"1\" type=\"PROPERTY\"><![CDATA[e.subs = :component$filter.trade_subs14571]]>\n      <param name=\"component$filter.trade_subs14571\" javaClass=\"java.lang.Boolean\">NULL</param>\n    </c>\n    <c name=\"special\" class=\"java.lang.Boolean\" caption=\"Special\" operatorType=\"EQUAL\" width=\"2\" type=\"PROPERTY\"><![CDATA[e.special = :component$filter.trade_special27188]]>\n      <param name=\"component$filter.trade_special27188\" javaClass=\"java.lang.Boolean\">NULL</param>\n    </c>\n    <c name=\"gc\" class=\"java.lang.Boolean\" caption=\"Gc\" operatorType=\"EQUAL\" width=\"1\" type=\"PROPERTY\"><![CDATA[e.gc = :component$filter.trade_gc80798]]>\n      <param name=\"component$filter.trade_gc80798\" javaClass=\"java.lang.Boolean\">NULL</param>\n    </c>\n    <c name=\"qqeYLORMKh\" class=\"com.gcs.gcsplatform.entity.masterdata.Counterparty\" width=\"1\" type=\"CUSTOM\" locCaption=\"Buyer\" entityAlias=\"e\"><![CDATA[cpybuy.id = :component$filter.qqeYLORMKh15191 and {E}.buyer = cpybuy.counterparty]]>\n      <param name=\"component$filter.qqeYLORMKh15191\" javaClass=\"com.gcs.gcsplatform.entity.masterdata.Counterparty\">NULL</param>\n      <join><![CDATA[, gcsplatform_Counterparty cpybuy]]></join>\n    </c>\n    <c name=\"ecvwubcuLz\" class=\"com.gcs.gcsplatform.entity.masterdata.Counterparty\" width=\"1\" type=\"CUSTOM\" locCaption=\"Seller\" entityAlias=\"e\"><![CDATA[cpysell.id = :component$filter.ecvwubcuLz04571 and {E}.seller = cpysell.counterparty]]>\n      <param name=\"component$filter.ecvwubcuLz04571\" javaClass=\"com.gcs.gcsplatform.entity.masterdata.Counterparty\">NULL</param>\n      <join><![CDATA[, gcsplatform_Counterparty cpysell]]></join>\n    </c>\n    <c name=\"GOaqEMIZat\" class=\"com.gcs.gcsplatform.entity.masterdata.Agent\" width=\"1\" type=\"CUSTOM\" locCaption=\"Buyer agent\" entityAlias=\"e\"><![CDATA[buyag.id = :component$filter.GOaqEMIZat05747 and {E}.buyerAgent = buyag.agent]]>\n      <param name=\"component$filter.GOaqEMIZat05747\" javaClass=\"com.gcs.gcsplatform.entity.masterdata.Agent\">NULL</param>\n      <join><![CDATA[, gcsplatform_Agent buyag]]></join>\n    </c>\n    <c name=\"uIgFBKQOzq\" class=\"com.gcs.gcsplatform.entity.masterdata.Agent\" width=\"1\" type=\"CUSTOM\" locCaption=\"Seller agent\" entityAlias=\"e\"><![CDATA[sellag.id = :component$filter.uIgFBKQOzq87630 and {E}.sellerAgent = sellag.agent]]>\n      <param name=\"component$filter.uIgFBKQOzq87630\" javaClass=\"com.gcs.gcsplatform.entity.masterdata.Agent\">NULL</param>\n      <join><![CDATA[, gcsplatform_Agent sellag]]></join>\n    </c>\n    <c name=\"BlDJmOceWC\" class=\"com.gcs.gcsplatform.entity.masterdata.Currency\" width=\"1\" type=\"CUSTOM\" locCaption=\"Currency\" entityAlias=\"e\"><![CDATA[cur.id = :component$filter.BlDJmOceWC40743 and {E}.tradeCurrency = cur.currency\n      \n      \n    ]]>\n      <param name=\"component$filter.BlDJmOceWC40743\" javaClass=\"com.gcs.gcsplatform.entity.masterdata.Currency\">NULL</param>\n      <join><![CDATA[, gcsplatform_Currency cur]]></join>\n    </c>\n    <c name=\"TfXNIJTDKJ\" class=\"java.sql.Date\" width=\"1\" type=\"CUSTOM\" locCaption=\"Trade date from\" entityAlias=\"e\"><![CDATA[{E}.tradeDate >= :component$filter.TfXNIJTDKJ10759\n      \n    ]]>\n      <param name=\"component$filter.TfXNIJTDKJ10759\" javaClass=\"java.sql.Date\">NULL</param>\n    </c>\n    <c name=\"mRGTfIesJq\" class=\"java.sql.Date\" width=\"2\" type=\"CUSTOM\" locCaption=\"Trade date to\" entityAlias=\"e\"><![CDATA[{E}.tradeDate <= :component$filter.mRGTfIesJq87358\n      \n    ]]>\n      <param name=\"component$filter.mRGTfIesJq87358\" javaClass=\"java.sql.Date\">NULL</param>\n    </c>\n    <c name=\"AAMFVbXvgD\" class=\"java.sql.Date\" width=\"1\" type=\"CUSTOM\" locCaption=\"Maturity date from\" entityAlias=\"e\"><![CDATA[{E}.maturityDate >= :component$filter.AAMFVbXvgD64515\n      \n    ]]>\n      <param name=\"component$filter.AAMFVbXvgD64515\" javaClass=\"java.sql.Date\">NULL</param>\n    </c>\n    <c name=\"QcuhzKAiVq\" class=\"java.sql.Date\" width=\"2\" type=\"CUSTOM\" locCaption=\"Maturity date to\" entityAlias=\"e\"><![CDATA[{E}.maturityDate <= :component$filter.QcuhzKAiVq83129\n      \n    ]]>\n      <param name=\"component$filter.QcuhzKAiVq83129\" javaClass=\"java.sql.Date\">NULL</param>\n    </c>\n    <c name=\"KpTTiFgwpG\" class=\"java.sql.Date\" width=\"1\" type=\"CUSTOM\" locCaption=\"Value date from\" entityAlias=\"e\"><![CDATA[{E}.valueDate >= :component$filter.KpTTiFgwpG33161\n      \n    ]]>\n      <param name=\"component$filter.KpTTiFgwpG33161\" javaClass=\"java.sql.Date\">NULL</param>\n    </c>\n    <c name=\"RnhlJlRjXN\" class=\"java.sql.Date\" width=\"1\" type=\"CUSTOM\" locCaption=\"Value date to\" entityAlias=\"e\"><![CDATA[{E}.valueDate <= :component$filter.RnhlJlRjXN49982\n      \n    ]]>\n      <param name=\"component$filter.RnhlJlRjXN49982\" javaClass=\"java.sql.Date\">NULL</param>\n    </c>\n  </and>\n</filter>\n',NULL,1),
('b2a936337a5e4d28821f7098c958c37f','2021-08-20 12:20:34.010','admin',3,'2021-08-26 15:27:24.756','admin',NULL,NULL,NULL,'[gcsplatform_DailyBlotter.browse].filter',NULL,NULL,'<?xml version=\"1.0\" encoding=\"UTF-8\"?>\n\n<filter>\n  <and>\n    <c name=\"traderef\" class=\"java.lang.String\" caption=\"Contract No\" operatorType=\"CONTAINS\" width=\"1\" type=\"PROPERTY\"><![CDATA[e.traderef like :component$filter.trade_traderef91095 ESCAPE \'\\\' ]]>\n      <param name=\"component$filter.trade_traderef91095\" javaClass=\"java.lang.String\">NULL</param>\n    </c>\n    <c name=\"bondDescription\" class=\"java.lang.String\" caption=\"Description\" operatorType=\"CONTAINS\" width=\"1\" type=\"PROPERTY\"><![CDATA[e.bondDescription like :component$filter.trade_bondDescription60803 ESCAPE \'\\\' ]]>\n      <param name=\"component$filter.trade_bondDescription60803\" javaClass=\"java.lang.String\">NULL</param>\n    </c>\n    <c name=\"isin\" class=\"java.lang.String\" caption=\"Isin\" operatorType=\"CONTAINS\" width=\"1\" type=\"PROPERTY\"><![CDATA[e.isin like :component$filter.trade_isin19143 ESCAPE \'\\\' ]]>\n      <param name=\"component$filter.trade_isin19143\" javaClass=\"java.lang.String\">NULL</param>\n    </c>\n    <c name=\"subs\" class=\"java.lang.Boolean\" caption=\"Subs\" operatorType=\"EQUAL\" width=\"1\" type=\"PROPERTY\"><![CDATA[e.subs = :component$filter.trade_subs14571]]>\n      <param name=\"component$filter.trade_subs14571\" javaClass=\"java.lang.Boolean\">NULL</param>\n    </c>\n    <c name=\"special\" class=\"java.lang.Boolean\" caption=\"Special\" operatorType=\"EQUAL\" width=\"2\" type=\"PROPERTY\"><![CDATA[e.special = :component$filter.trade_special27188]]>\n      <param name=\"component$filter.trade_special27188\" javaClass=\"java.lang.Boolean\">NULL</param>\n    </c>\n    <c name=\"gc\" class=\"java.lang.Boolean\" caption=\"Gc\" operatorType=\"EQUAL\" width=\"1\" type=\"PROPERTY\"><![CDATA[e.gc = :component$filter.trade_gc80798]]>\n      <param name=\"component$filter.trade_gc80798\" javaClass=\"java.lang.Boolean\">NULL</param>\n    </c>\n    <c name=\"qqeYLORMKh\" class=\"com.gcs.gcsplatform.entity.masterdata.Counterparty\" width=\"1\" type=\"CUSTOM\" locCaption=\"Buyer\" entityAlias=\"e\"><![CDATA[cpybuy.id = :component$filter.qqeYLORMKh15191 and {E}.buyer = cpybuy.counterparty]]>\n      <param name=\"component$filter.qqeYLORMKh15191\" javaClass=\"com.gcs.gcsplatform.entity.masterdata.Counterparty\">NULL</param>\n      <join><![CDATA[, gcsplatform_Counterparty cpybuy]]></join>\n    </c>\n    <c name=\"ecvwubcuLz\" class=\"com.gcs.gcsplatform.entity.masterdata.Counterparty\" width=\"1\" type=\"CUSTOM\" locCaption=\"Seller\" entityAlias=\"e\"><![CDATA[cpysell.id = :component$filter.ecvwubcuLz04571 and {E}.seller = cpysell.counterparty]]>\n      <param name=\"component$filter.ecvwubcuLz04571\" javaClass=\"com.gcs.gcsplatform.entity.masterdata.Counterparty\">NULL</param>\n      <join><![CDATA[, gcsplatform_Counterparty cpysell]]></join>\n    </c>\n    <c name=\"GOaqEMIZat\" class=\"com.gcs.gcsplatform.entity.masterdata.Agent\" width=\"1\" type=\"CUSTOM\" locCaption=\"Buyer agent\" entityAlias=\"e\"><![CDATA[buyag.id = :component$filter.GOaqEMIZat05747 and {E}.buyerAgent = buyag.agent]]>\n      <param name=\"component$filter.GOaqEMIZat05747\" javaClass=\"com.gcs.gcsplatform.entity.masterdata.Agent\">NULL</param>\n      <join><![CDATA[, gcsplatform_Agent buyag]]></join>\n    </c>\n    <c name=\"uIgFBKQOzq\" class=\"com.gcs.gcsplatform.entity.masterdata.Agent\" width=\"1\" type=\"CUSTOM\" locCaption=\"Seller agent\" entityAlias=\"e\"><![CDATA[sellag.id = :component$filter.uIgFBKQOzq87630 and {E}.sellerAgent = sellag.agent]]>\n      <param name=\"component$filter.uIgFBKQOzq87630\" javaClass=\"com.gcs.gcsplatform.entity.masterdata.Agent\">NULL</param>\n      <join><![CDATA[, gcsplatform_Agent sellag]]></join>\n    </c>\n    <c name=\"BlDJmOceWC\" class=\"com.gcs.gcsplatform.entity.masterdata.Currency\" width=\"1\" type=\"CUSTOM\" locCaption=\"Currency\" entityAlias=\"e\"><![CDATA[cur.id = :component$filter.BlDJmOceWC40743 and {E}.tradeCurrency = cur.currency\n      \n      \n    ]]>\n      <param name=\"component$filter.BlDJmOceWC40743\" javaClass=\"com.gcs.gcsplatform.entity.masterdata.Currency\">NULL</param>\n      <join><![CDATA[, gcsplatform_Currency cur]]></join>\n    </c>\n    <c name=\"TfXNIJTDKJ\" class=\"java.sql.Date\" width=\"1\" type=\"CUSTOM\" locCaption=\"Trade date from\" entityAlias=\"e\"><![CDATA[{E}.tradeDate >= :component$filter.TfXNIJTDKJ10759\n      \n    ]]>\n      <param name=\"component$filter.TfXNIJTDKJ10759\" javaClass=\"java.sql.Date\">NULL</param>\n    </c>\n    <c name=\"mRGTfIesJq\" class=\"java.sql.Date\" width=\"2\" type=\"CUSTOM\" locCaption=\"Trade date to\" entityAlias=\"e\"><![CDATA[{E}.tradeDate <= :component$filter.mRGTfIesJq87358\n      \n    ]]>\n      <param name=\"component$filter.mRGTfIesJq87358\" javaClass=\"java.sql.Date\">NULL</param>\n    </c>\n    <c name=\"AAMFVbXvgD\" class=\"java.sql.Date\" width=\"1\" type=\"CUSTOM\" locCaption=\"Maturity date from\" entityAlias=\"e\"><![CDATA[{E}.maturityDate >= :component$filter.AAMFVbXvgD64515\n      \n    ]]>\n      <param name=\"component$filter.AAMFVbXvgD64515\" javaClass=\"java.sql.Date\">NULL</param>\n    </c>\n    <c name=\"QcuhzKAiVq\" class=\"java.sql.Date\" width=\"2\" type=\"CUSTOM\" locCaption=\"Maturity date to\" entityAlias=\"e\"><![CDATA[{E}.maturityDate <= :component$filter.QcuhzKAiVq83129\n      \n    ]]>\n      <param name=\"component$filter.QcuhzKAiVq83129\" javaClass=\"java.sql.Date\">NULL</param>\n    </c>\n    <c name=\"KpTTiFgwpG\" class=\"java.sql.Date\" width=\"1\" type=\"CUSTOM\" locCaption=\"Value date from\" entityAlias=\"e\"><![CDATA[{E}.valueDate >= :component$filter.KpTTiFgwpG33161\n      \n    ]]>\n      <param name=\"component$filter.KpTTiFgwpG33161\" javaClass=\"java.sql.Date\">NULL</param>\n    </c>\n    <c name=\"RnhlJlRjXN\" class=\"java.sql.Date\" width=\"1\" type=\"CUSTOM\" locCaption=\"Value date to\" entityAlias=\"e\"><![CDATA[{E}.valueDate <= :component$filter.RnhlJlRjXN49982\n      \n    ]]>\n      <param name=\"component$filter.RnhlJlRjXN49982\" javaClass=\"java.sql.Date\">NULL</param>\n    </c>\n  </and>\n</filter>\n',NULL,1),
('5843d8f456574a7e966ad056927bc6f6','2021-08-20 12:20:34.010','admin',3,'2021-08-26 15:27:24.756','admin',NULL,NULL,NULL,'[gcsplatform_CallOptionTrade.browse].filter',NULL,NULL,'<?xml version=\"1.0\" encoding=\"UTF-8\"?>\n\n<filter>\n  <and>\n    <c name=\"traderef\" class=\"java.lang.String\" caption=\"Contract No\" operatorType=\"CONTAINS\" width=\"1\" type=\"PROPERTY\"><![CDATA[e.traderef like :component$filter.trade_traderef91095 ESCAPE \'\\\' ]]>\n      <param name=\"component$filter.trade_traderef91095\" javaClass=\"java.lang.String\">NULL</param>\n    </c>\n    <c name=\"bondDescription\" class=\"java.lang.String\" caption=\"Description\" operatorType=\"CONTAINS\" width=\"1\" type=\"PROPERTY\"><![CDATA[e.bondDescription like :component$filter.trade_bondDescription60803 ESCAPE \'\\\' ]]>\n      <param name=\"component$filter.trade_bondDescription60803\" javaClass=\"java.lang.String\">NULL</param>\n    </c>\n    <c name=\"isin\" class=\"java.lang.String\" caption=\"Isin\" operatorType=\"CONTAINS\" width=\"1\" type=\"PROPERTY\"><![CDATA[e.isin like :component$filter.trade_isin19143 ESCAPE \'\\\' ]]>\n      <param name=\"component$filter.trade_isin19143\" javaClass=\"java.lang.String\">NULL</param>\n    </c>\n    <c name=\"subs\" class=\"java.lang.Boolean\" caption=\"Subs\" operatorType=\"EQUAL\" width=\"1\" type=\"PROPERTY\"><![CDATA[e.subs = :component$filter.trade_subs14571]]>\n      <param name=\"component$filter.trade_subs14571\" javaClass=\"java.lang.Boolean\">NULL</param>\n    </c>\n    <c name=\"special\" class=\"java.lang.Boolean\" caption=\"Special\" operatorType=\"EQUAL\" width=\"2\" type=\"PROPERTY\"><![CDATA[e.special = :component$filter.trade_special27188]]>\n      <param name=\"component$filter.trade_special27188\" javaClass=\"java.lang.Boolean\">NULL</param>\n    </c>\n    <c name=\"gc\" class=\"java.lang.Boolean\" caption=\"Gc\" operatorType=\"EQUAL\" width=\"1\" type=\"PROPERTY\"><![CDATA[e.gc = :component$filter.trade_gc80798]]>\n      <param name=\"component$filter.trade_gc80798\" javaClass=\"java.lang.Boolean\">NULL</param>\n    </c>\n    <c name=\"qqeYLORMKh\" class=\"com.gcs.gcsplatform.entity.masterdata.Counterparty\" width=\"1\" type=\"CUSTOM\" locCaption=\"Buyer\" entityAlias=\"e\"><![CDATA[cpybuy.id = :component$filter.qqeYLORMKh15191 and {E}.buyer = cpybuy.counterparty]]>\n      <param name=\"component$filter.qqeYLORMKh15191\" javaClass=\"com.gcs.gcsplatform.entity.masterdata.Counterparty\">NULL</param>\n      <join><![CDATA[, gcsplatform_Counterparty cpybuy]]></join>\n    </c>\n    <c name=\"ecvwubcuLz\" class=\"com.gcs.gcsplatform.entity.masterdata.Counterparty\" width=\"1\" type=\"CUSTOM\" locCaption=\"Seller\" entityAlias=\"e\"><![CDATA[cpysell.id = :component$filter.ecvwubcuLz04571 and {E}.seller = cpysell.counterparty]]>\n      <param name=\"component$filter.ecvwubcuLz04571\" javaClass=\"com.gcs.gcsplatform.entity.masterdata.Counterparty\">NULL</param>\n      <join><![CDATA[, gcsplatform_Counterparty cpysell]]></join>\n    </c>\n    <c name=\"GOaqEMIZat\" class=\"com.gcs.gcsplatform.entity.masterdata.Agent\" width=\"1\" type=\"CUSTOM\" locCaption=\"Buyer agent\" entityAlias=\"e\"><![CDATA[buyag.id = :component$filter.GOaqEMIZat05747 and {E}.buyerAgent = buyag.agent]]>\n      <param name=\"component$filter.GOaqEMIZat05747\" javaClass=\"com.gcs.gcsplatform.entity.masterdata.Agent\">NULL</param>\n      <join><![CDATA[, gcsplatform_Agent buyag]]></join>\n    </c>\n    <c name=\"uIgFBKQOzq\" class=\"com.gcs.gcsplatform.entity.masterdata.Agent\" width=\"1\" type=\"CUSTOM\" locCaption=\"Seller agent\" entityAlias=\"e\"><![CDATA[sellag.id = :component$filter.uIgFBKQOzq87630 and {E}.sellerAgent = sellag.agent]]>\n      <param name=\"component$filter.uIgFBKQOzq87630\" javaClass=\"com.gcs.gcsplatform.entity.masterdata.Agent\">NULL</param>\n      <join><![CDATA[, gcsplatform_Agent sellag]]></join>\n    </c>\n    <c name=\"BlDJmOceWC\" class=\"com.gcs.gcsplatform.entity.masterdata.Currency\" width=\"1\" type=\"CUSTOM\" locCaption=\"Currency\" entityAlias=\"e\"><![CDATA[cur.id = :component$filter.BlDJmOceWC40743 and {E}.tradeCurrency = cur.currency\n      \n      \n    ]]>\n      <param name=\"component$filter.BlDJmOceWC40743\" javaClass=\"com.gcs.gcsplatform.entity.masterdata.Currency\">NULL</param>\n      <join><![CDATA[, gcsplatform_Currency cur]]></join>\n    </c>\n    <c name=\"TfXNIJTDKJ\" class=\"java.sql.Date\" width=\"1\" type=\"CUSTOM\" locCaption=\"Trade date from\" entityAlias=\"e\"><![CDATA[{E}.tradeDate >= :component$filter.TfXNIJTDKJ10759\n      \n    ]]>\n      <param name=\"component$filter.TfXNIJTDKJ10759\" javaClass=\"java.sql.Date\">NULL</param>\n    </c>\n    <c name=\"mRGTfIesJq\" class=\"java.sql.Date\" width=\"2\" type=\"CUSTOM\" locCaption=\"Trade date to\" entityAlias=\"e\"><![CDATA[{E}.tradeDate <= :component$filter.mRGTfIesJq87358\n      \n    ]]>\n      <param name=\"component$filter.mRGTfIesJq87358\" javaClass=\"java.sql.Date\">NULL</param>\n    </c>\n    <c name=\"AAMFVbXvgD\" class=\"java.sql.Date\" width=\"1\" type=\"CUSTOM\" locCaption=\"Maturity date from\" entityAlias=\"e\"><![CDATA[{E}.maturityDate >= :component$filter.AAMFVbXvgD64515\n      \n    ]]>\n      <param name=\"component$filter.AAMFVbXvgD64515\" javaClass=\"java.sql.Date\">NULL</param>\n    </c>\n    <c name=\"QcuhzKAiVq\" class=\"java.sql.Date\" width=\"2\" type=\"CUSTOM\" locCaption=\"Maturity date to\" entityAlias=\"e\"><![CDATA[{E}.maturityDate <= :component$filter.QcuhzKAiVq83129\n      \n    ]]>\n      <param name=\"component$filter.QcuhzKAiVq83129\" javaClass=\"java.sql.Date\">NULL</param>\n    </c>\n    <c name=\"KpTTiFgwpG\" class=\"java.sql.Date\" width=\"1\" type=\"CUSTOM\" locCaption=\"Value date from\" entityAlias=\"e\"><![CDATA[{E}.valueDate >= :component$filter.KpTTiFgwpG33161\n      \n    ]]>\n      <param name=\"component$filter.KpTTiFgwpG33161\" javaClass=\"java.sql.Date\">NULL</param>\n    </c>\n    <c name=\"RnhlJlRjXN\" class=\"java.sql.Date\" width=\"1\" type=\"CUSTOM\" locCaption=\"Value date to\" entityAlias=\"e\"><![CDATA[{E}.valueDate <= :component$filter.RnhlJlRjXN49982\n      \n    ]]>\n      <param name=\"component$filter.RnhlJlRjXN49982\" javaClass=\"java.sql.Date\">NULL</param>\n    </c>\n  </and>\n</filter>\n',NULL,1),
('2aee2475d1c6496cb4f82fa1b0993a6f','2021-08-20 12:20:34.010','admin',3,'2021-08-26 15:27:24.756','admin',NULL,NULL,NULL,'[gcsplatform_LiveTrade.browse].filter',NULL,NULL,'<?xml version=\"1.0\" encoding=\"UTF-8\"?>\n\n<filter>\n  <and>\n    <c name=\"traderef\" class=\"java.lang.String\" caption=\"Contract No\" operatorType=\"CONTAINS\" width=\"1\" type=\"PROPERTY\"><![CDATA[e.traderef like :component$filter.trade_traderef91095 ESCAPE \'\\\' ]]>\n      <param name=\"component$filter.trade_traderef91095\" javaClass=\"java.lang.String\">NULL</param>\n    </c>\n    <c name=\"bondDescription\" class=\"java.lang.String\" caption=\"Description\" operatorType=\"CONTAINS\" width=\"1\" type=\"PROPERTY\"><![CDATA[e.bondDescription like :component$filter.trade_bondDescription60803 ESCAPE \'\\\' ]]>\n      <param name=\"component$filter.trade_bondDescription60803\" javaClass=\"java.lang.String\">NULL</param>\n    </c>\n    <c name=\"isin\" class=\"java.lang.String\" caption=\"Isin\" operatorType=\"CONTAINS\" width=\"1\" type=\"PROPERTY\"><![CDATA[e.isin like :component$filter.trade_isin19143 ESCAPE \'\\\' ]]>\n      <param name=\"component$filter.trade_isin19143\" javaClass=\"java.lang.String\">NULL</param>\n    </c>\n    <c name=\"subs\" class=\"java.lang.Boolean\" caption=\"Subs\" operatorType=\"EQUAL\" width=\"1\" type=\"PROPERTY\"><![CDATA[e.subs = :component$filter.trade_subs14571]]>\n      <param name=\"component$filter.trade_subs14571\" javaClass=\"java.lang.Boolean\">NULL</param>\n    </c>\n    <c name=\"special\" class=\"java.lang.Boolean\" caption=\"Special\" operatorType=\"EQUAL\" width=\"2\" type=\"PROPERTY\"><![CDATA[e.special = :component$filter.trade_special27188]]>\n      <param name=\"component$filter.trade_special27188\" javaClass=\"java.lang.Boolean\">NULL</param>\n    </c>\n    <c name=\"gc\" class=\"java.lang.Boolean\" caption=\"Gc\" operatorType=\"EQUAL\" width=\"1\" type=\"PROPERTY\"><![CDATA[e.gc = :component$filter.trade_gc80798]]>\n      <param name=\"component$filter.trade_gc80798\" javaClass=\"java.lang.Boolean\">NULL</param>\n    </c>\n    <c name=\"qqeYLORMKh\" class=\"com.gcs.gcsplatform.entity.masterdata.Counterparty\" width=\"1\" type=\"CUSTOM\" locCaption=\"Buyer\" entityAlias=\"e\"><![CDATA[cpybuy.id = :component$filter.qqeYLORMKh15191 and {E}.buyer = cpybuy.counterparty]]>\n      <param name=\"component$filter.qqeYLORMKh15191\" javaClass=\"com.gcs.gcsplatform.entity.masterdata.Counterparty\">NULL</param>\n      <join><![CDATA[, gcsplatform_Counterparty cpybuy]]></join>\n    </c>\n    <c name=\"ecvwubcuLz\" class=\"com.gcs.gcsplatform.entity.masterdata.Counterparty\" width=\"1\" type=\"CUSTOM\" locCaption=\"Seller\" entityAlias=\"e\"><![CDATA[cpysell.id = :component$filter.ecvwubcuLz04571 and {E}.seller = cpysell.counterparty]]>\n      <param name=\"component$filter.ecvwubcuLz04571\" javaClass=\"com.gcs.gcsplatform.entity.masterdata.Counterparty\">NULL</param>\n      <join><![CDATA[, gcsplatform_Counterparty cpysell]]></join>\n    </c>\n    <c name=\"GOaqEMIZat\" class=\"com.gcs.gcsplatform.entity.masterdata.Agent\" width=\"1\" type=\"CUSTOM\" locCaption=\"Buyer agent\" entityAlias=\"e\"><![CDATA[buyag.id = :component$filter.GOaqEMIZat05747 and {E}.buyerAgent = buyag.agent]]>\n      <param name=\"component$filter.GOaqEMIZat05747\" javaClass=\"com.gcs.gcsplatform.entity.masterdata.Agent\">NULL</param>\n      <join><![CDATA[, gcsplatform_Agent buyag]]></join>\n    </c>\n    <c name=\"uIgFBKQOzq\" class=\"com.gcs.gcsplatform.entity.masterdata.Agent\" width=\"1\" type=\"CUSTOM\" locCaption=\"Seller agent\" entityAlias=\"e\"><![CDATA[sellag.id = :component$filter.uIgFBKQOzq87630 and {E}.sellerAgent = sellag.agent]]>\n      <param name=\"component$filter.uIgFBKQOzq87630\" javaClass=\"com.gcs.gcsplatform.entity.masterdata.Agent\">NULL</param>\n      <join><![CDATA[, gcsplatform_Agent sellag]]></join>\n    </c>\n    <c name=\"BlDJmOceWC\" class=\"com.gcs.gcsplatform.entity.masterdata.Currency\" width=\"1\" type=\"CUSTOM\" locCaption=\"Currency\" entityAlias=\"e\"><![CDATA[cur.id = :component$filter.BlDJmOceWC40743 and {E}.tradeCurrency = cur.currency\n      \n      \n    ]]>\n      <param name=\"component$filter.BlDJmOceWC40743\" javaClass=\"com.gcs.gcsplatform.entity.masterdata.Currency\">NULL</param>\n      <join><![CDATA[, gcsplatform_Currency cur]]></join>\n    </c>\n    <c name=\"TfXNIJTDKJ\" class=\"java.sql.Date\" width=\"1\" type=\"CUSTOM\" locCaption=\"Trade date from\" entityAlias=\"e\"><![CDATA[{E}.tradeDate >= :component$filter.TfXNIJTDKJ10759\n      \n    ]]>\n      <param name=\"component$filter.TfXNIJTDKJ10759\" javaClass=\"java.sql.Date\">NULL</param>\n    </c>\n    <c name=\"mRGTfIesJq\" class=\"java.sql.Date\" width=\"2\" type=\"CUSTOM\" locCaption=\"Trade date to\" entityAlias=\"e\"><![CDATA[{E}.tradeDate <= :component$filter.mRGTfIesJq87358\n      \n    ]]>\n      <param name=\"component$filter.mRGTfIesJq87358\" javaClass=\"java.sql.Date\">NULL</param>\n    </c>\n    <c name=\"AAMFVbXvgD\" class=\"java.sql.Date\" width=\"1\" type=\"CUSTOM\" locCaption=\"Maturity date from\" entityAlias=\"e\"><![CDATA[{E}.maturityDate >= :component$filter.AAMFVbXvgD64515\n      \n    ]]>\n      <param name=\"component$filter.AAMFVbXvgD64515\" javaClass=\"java.sql.Date\">NULL</param>\n    </c>\n    <c name=\"QcuhzKAiVq\" class=\"java.sql.Date\" width=\"2\" type=\"CUSTOM\" locCaption=\"Maturity date to\" entityAlias=\"e\"><![CDATA[{E}.maturityDate <= :component$filter.QcuhzKAiVq83129\n      \n    ]]>\n      <param name=\"component$filter.QcuhzKAiVq83129\" javaClass=\"java.sql.Date\">NULL</param>\n    </c>\n    <c name=\"KpTTiFgwpG\" class=\"java.sql.Date\" width=\"1\" type=\"CUSTOM\" locCaption=\"Value date from\" entityAlias=\"e\"><![CDATA[{E}.valueDate >= :component$filter.KpTTiFgwpG33161\n      \n    ]]>\n      <param name=\"component$filter.KpTTiFgwpG33161\" javaClass=\"java.sql.Date\">NULL</param>\n    </c>\n    <c name=\"RnhlJlRjXN\" class=\"java.sql.Date\" width=\"1\" type=\"CUSTOM\" locCaption=\"Value date to\" entityAlias=\"e\"><![CDATA[{E}.valueDate <= :component$filter.RnhlJlRjXN49982\n      \n    ]]>\n      <param name=\"component$filter.RnhlJlRjXN49982\" javaClass=\"java.sql.Date\">NULL</param>\n    </c>\n  </and>\n</filter>\n',NULL,1),
('e770b57fe2884b1e8bbb2c08e04fef87','2021-08-20 12:20:34.010','admin',3,'2021-08-26 15:27:24.756','admin',NULL,NULL,NULL,'[gcsplatform_ClosedLiveTrade.browse].filter',NULL,NULL,'<?xml version=\"1.0\" encoding=\"UTF-8\"?>\n\n<filter>\n  <and>\n    <c name=\"traderef\" class=\"java.lang.String\" caption=\"Contract No\" operatorType=\"CONTAINS\" width=\"1\" type=\"PROPERTY\"><![CDATA[e.traderef like :component$filter.trade_traderef91095 ESCAPE \'\\\' ]]>\n      <param name=\"component$filter.trade_traderef91095\" javaClass=\"java.lang.String\">NULL</param>\n    </c>\n    <c name=\"bondDescription\" class=\"java.lang.String\" caption=\"Description\" operatorType=\"CONTAINS\" width=\"1\" type=\"PROPERTY\"><![CDATA[e.bondDescription like :component$filter.trade_bondDescription60803 ESCAPE \'\\\' ]]>\n      <param name=\"component$filter.trade_bondDescription60803\" javaClass=\"java.lang.String\">NULL</param>\n    </c>\n    <c name=\"isin\" class=\"java.lang.String\" caption=\"Isin\" operatorType=\"CONTAINS\" width=\"1\" type=\"PROPERTY\"><![CDATA[e.isin like :component$filter.trade_isin19143 ESCAPE \'\\\' ]]>\n      <param name=\"component$filter.trade_isin19143\" javaClass=\"java.lang.String\">NULL</param>\n    </c>\n    <c name=\"subs\" class=\"java.lang.Boolean\" caption=\"Subs\" operatorType=\"EQUAL\" width=\"1\" type=\"PROPERTY\"><![CDATA[e.subs = :component$filter.trade_subs14571]]>\n      <param name=\"component$filter.trade_subs14571\" javaClass=\"java.lang.Boolean\">NULL</param>\n    </c>\n    <c name=\"special\" class=\"java.lang.Boolean\" caption=\"Special\" operatorType=\"EQUAL\" width=\"2\" type=\"PROPERTY\"><![CDATA[e.special = :component$filter.trade_special27188]]>\n      <param name=\"component$filter.trade_special27188\" javaClass=\"java.lang.Boolean\">NULL</param>\n    </c>\n    <c name=\"gc\" class=\"java.lang.Boolean\" caption=\"Gc\" operatorType=\"EQUAL\" width=\"1\" type=\"PROPERTY\"><![CDATA[e.gc = :component$filter.trade_gc80798]]>\n      <param name=\"component$filter.trade_gc80798\" javaClass=\"java.lang.Boolean\">NULL</param>\n    </c>\n    <c name=\"qqeYLORMKh\" class=\"com.gcs.gcsplatform.entity.masterdata.Counterparty\" width=\"1\" type=\"CUSTOM\" locCaption=\"Buyer\" entityAlias=\"e\"><![CDATA[cpybuy.id = :component$filter.qqeYLORMKh15191 and {E}.buyer = cpybuy.counterparty]]>\n      <param name=\"component$filter.qqeYLORMKh15191\" javaClass=\"com.gcs.gcsplatform.entity.masterdata.Counterparty\">NULL</param>\n      <join><![CDATA[, gcsplatform_Counterparty cpybuy]]></join>\n    </c>\n    <c name=\"ecvwubcuLz\" class=\"com.gcs.gcsplatform.entity.masterdata.Counterparty\" width=\"1\" type=\"CUSTOM\" locCaption=\"Seller\" entityAlias=\"e\"><![CDATA[cpysell.id = :component$filter.ecvwubcuLz04571 and {E}.seller = cpysell.counterparty]]>\n      <param name=\"component$filter.ecvwubcuLz04571\" javaClass=\"com.gcs.gcsplatform.entity.masterdata.Counterparty\">NULL</param>\n      <join><![CDATA[, gcsplatform_Counterparty cpysell]]></join>\n    </c>\n    <c name=\"GOaqEMIZat\" class=\"com.gcs.gcsplatform.entity.masterdata.Agent\" width=\"1\" type=\"CUSTOM\" locCaption=\"Buyer agent\" entityAlias=\"e\"><![CDATA[buyag.id = :component$filter.GOaqEMIZat05747 and {E}.buyerAgent = buyag.agent]]>\n      <param name=\"component$filter.GOaqEMIZat05747\" javaClass=\"com.gcs.gcsplatform.entity.masterdata.Agent\">NULL</param>\n      <join><![CDATA[, gcsplatform_Agent buyag]]></join>\n    </c>\n    <c name=\"uIgFBKQOzq\" class=\"com.gcs.gcsplatform.entity.masterdata.Agent\" width=\"1\" type=\"CUSTOM\" locCaption=\"Seller agent\" entityAlias=\"e\"><![CDATA[sellag.id = :component$filter.uIgFBKQOzq87630 and {E}.sellerAgent = sellag.agent]]>\n      <param name=\"component$filter.uIgFBKQOzq87630\" javaClass=\"com.gcs.gcsplatform.entity.masterdata.Agent\">NULL</param>\n      <join><![CDATA[, gcsplatform_Agent sellag]]></join>\n    </c>\n    <c name=\"BlDJmOceWC\" class=\"com.gcs.gcsplatform.entity.masterdata.Currency\" width=\"1\" type=\"CUSTOM\" locCaption=\"Currency\" entityAlias=\"e\"><![CDATA[cur.id = :component$filter.BlDJmOceWC40743 and {E}.tradeCurrency = cur.currency\n      \n      \n    ]]>\n      <param name=\"component$filter.BlDJmOceWC40743\" javaClass=\"com.gcs.gcsplatform.entity.masterdata.Currency\">NULL</param>\n      <join><![CDATA[, gcsplatform_Currency cur]]></join>\n    </c>\n    <c name=\"TfXNIJTDKJ\" class=\"java.sql.Date\" width=\"1\" type=\"CUSTOM\" locCaption=\"Trade date from\" entityAlias=\"e\"><![CDATA[{E}.tradeDate >= :component$filter.TfXNIJTDKJ10759\n      \n    ]]>\n      <param name=\"component$filter.TfXNIJTDKJ10759\" javaClass=\"java.sql.Date\">NULL</param>\n    </c>\n    <c name=\"mRGTfIesJq\" class=\"java.sql.Date\" width=\"2\" type=\"CUSTOM\" locCaption=\"Trade date to\" entityAlias=\"e\"><![CDATA[{E}.tradeDate <= :component$filter.mRGTfIesJq87358\n      \n    ]]>\n      <param name=\"component$filter.mRGTfIesJq87358\" javaClass=\"java.sql.Date\">NULL</param>\n    </c>\n    <c name=\"AAMFVbXvgD\" class=\"java.sql.Date\" width=\"1\" type=\"CUSTOM\" locCaption=\"Maturity date from\" entityAlias=\"e\"><![CDATA[{E}.maturityDate >= :component$filter.AAMFVbXvgD64515\n      \n    ]]>\n      <param name=\"component$filter.AAMFVbXvgD64515\" javaClass=\"java.sql.Date\">NULL</param>\n    </c>\n    <c name=\"QcuhzKAiVq\" class=\"java.sql.Date\" width=\"2\" type=\"CUSTOM\" locCaption=\"Maturity date to\" entityAlias=\"e\"><![CDATA[{E}.maturityDate <= :component$filter.QcuhzKAiVq83129\n      \n    ]]>\n      <param name=\"component$filter.QcuhzKAiVq83129\" javaClass=\"java.sql.Date\">NULL</param>\n    </c>\n    <c name=\"KpTTiFgwpG\" class=\"java.sql.Date\" width=\"1\" type=\"CUSTOM\" locCaption=\"Value date from\" entityAlias=\"e\"><![CDATA[{E}.valueDate >= :component$filter.KpTTiFgwpG33161\n      \n    ]]>\n      <param name=\"component$filter.KpTTiFgwpG33161\" javaClass=\"java.sql.Date\">NULL</param>\n    </c>\n    <c name=\"RnhlJlRjXN\" class=\"java.sql.Date\" width=\"1\" type=\"CUSTOM\" locCaption=\"Value date to\" entityAlias=\"e\"><![CDATA[{E}.valueDate <= :component$filter.RnhlJlRjXN49982\n      \n    ]]>\n      <param name=\"component$filter.RnhlJlRjXN49982\" javaClass=\"java.sql.Date\">NULL</param>\n    </c>\n  </and>\n</filter>\n',NULL,1);
--end SEC_FILTER